"","ct20_id","zip","median_price","median_flip_horizon","perc_investor","r_mhi","o_mhi","lat.x","nhas","nhna","nhaa","nhwhi","pop_65o","pop_18_64","pop_u18","male","female","pop","num_sales_transactions","sum_institutional_investor","sum_large_investor","sum_medium_investor","sum_small_investor","sum_non_investor","median_intersf","mortgage.x"
"1",25025030301,2110,885000,2194.5,0.428445229681979,157976,119276,52,140,0,4,1154,500,758,127,668,717,1385,566,8,9,30,34,485,1174,120937.5
"3",25025030301,2109,885000,2194.5,0.428445229681979,157976,119276,52,140,0,4,1154,500,758,127,668,717,1385,566,8,9,30,34,485,1174,120937.5
"472",25025030301,2210,885000,2194.5,0.428445229681979,157976,119276,52,140,0,4,1154,500,758,127,668,717,1385,566,8,9,30,34,485,1174,120937.5
"1254",25025070302,2116,1256250,2432,0.464664310954064,0,250001,105,426,0,55,1426,594,1317,179,1045,1045,2090,566,3,4,14,19,526,1290,309000
"1321",25025070302,2215,1256250,2432,0.464664310954064,0,250001,105,426,0,55,1426,594,1317,179,1045,1045,2090,566,3,4,14,19,526,1290,309000
"1675",25025070302,2118,1256250,2432,0.464664310954064,0,250001,105,426,0,55,1426,594,1317,179,1045,1045,2090,566,3,4,14,19,526,1290,309000
"1821",25025070302,2109,1256250,2432,0.464664310954064,0,250001,105,426,0,55,1426,594,1317,179,1045,1045,2090,566,3,4,14,19,526,1290,309000
"2112",25025070302,2115,1256250,2432,0.464664310954064,0,250001,105,426,0,55,1426,594,1317,179,1045,1045,2090,566,3,4,14,19,526,1290,309000
"2723",25025110401,2131,389250,2009,0.427083333333333,67713,125234,1144,125,3,902,1282,485,2462,678,1709,1916,3625,384,13,11,10,22,328,1466,299962.5
"3674",25025000804,2134,459950,2574,0.369444444444444,90551,109178,818,824,5,217,1661,277,3021,515,2047,1766,3813,360,24,16,33,21,266,1198,226600
"3777",25025000804,2135,459950,2574,0.369444444444444,90551,109178,818,824,5,217,1661,277,3021,515,2047,1766,3813,360,24,16,33,21,266,1198,226600
"4609",25025101101,2126,369000,1934,0.386255924170616,54677,81481,752,28,7,2436,108,464,2209,849,1579,1943,3522,211,16,13,8,11,163,2820,324000
"5044",25025101101,2124,369000,1934,0.386255924170616,54677,81481,752,28,7,2436,108,464,2209,849,1579,1943,3522,211,16,13,8,11,163,2820,324000
"5133",25025101101,2125,369000,1934,0.386255924170616,54677,81481,752,28,7,2436,108,464,2209,849,1579,1943,3522,211,16,13,8,11,163,2820,324000
"5222",25025081400,2119,445500,2702,0.361428571428571,38925,116563,684,326,9,1324,1172,458,2801,515,1850,1924,3774,350,24,12,27,34,253,1540.5,304375
"5223",25025081400,2120,445500,2702,0.361428571428571,38925,116563,684,326,9,1324,1172,458,2801,515,1850,1924,3774,350,24,12,27,34,253,1540.5,304375
"5231",25025081400,2130,445500,2702,0.361428571428571,38925,116563,684,326,9,1324,1172,458,2801,515,1850,1924,3774,350,24,12,27,34,253,1540.5,304375
"5643",25025081400,2467,445500,2702,0.361428571428571,38925,116563,684,326,9,1324,1172,458,2801,515,1850,1924,3774,350,24,12,27,34,253,1540.5,304375
"6073",25025092300,2124,392787,1780,0.345098039215686,50568,90938,740,131,16,2033,119,363,2045,893,1476,1825,3301,255,30,19,16,14,176,3048,310000
"6158",25025092300,2119,392787,1780,0.345098039215686,50568,90938,740,131,16,2033,119,363,2045,893,1476,1825,3301,255,30,19,16,14,176,3048,310000
"6254",25025092300,2121,392787,1780,0.345098039215686,50568,90938,740,131,16,2033,119,363,2045,893,1476,1825,3301,255,30,19,16,14,176,3048,310000
"6392",25025092300,2125,392787,1780,0.345098039215686,50568,90938,740,131,16,2033,119,363,2045,893,1476,1825,3301,255,30,19,16,14,176,3048,310000
"6442",25025092300,2122,392787,1780,0.345098039215686,50568,90938,740,131,16,2033,119,363,2045,893,1476,1825,3301,255,30,19,16,14,176,3048,310000
"6798",25025070102,2111,1101000,2453,0.441323971915747,0,250001,353,745,7,232,2194,744,2793,150,1869,1818,3687,997,9,26,24,58,880,1195,0
"6802",25025070102,2108,1101000,2453,0.441323971915747,0,250001,353,745,7,232,2194,744,2793,150,1869,1818,3687,997,9,26,24,58,880,1195,0
"8006",25025070102,2110,1101000,2453,0.441323971915747,0,250001,353,745,7,232,2194,744,2793,150,1869,1818,3687,997,9,26,24,58,880,1195,0
"9208",25025092400,2124,348000,1077,0.283987915407855,35938,0,2281,71,25,2984,181,631,3631,1805,2652,3415,6067,331,55,36,24,28,188,3306,230000
"9214",25025092400,2121,348000,1077,0.283987915407855,35938,0,2281,71,25,2984,181,631,3631,1805,2652,3415,6067,331,55,36,24,28,188,3306,230000
"9244",25025092400,2125,348000,1077,0.283987915407855,35938,0,2281,71,25,2984,181,631,3631,1805,2652,3415,6067,331,55,36,24,28,188,3306,230000
"9345",25025092400,2122,348000,1077,0.283987915407855,35938,0,2281,71,25,2984,181,631,3631,1805,2652,3415,6067,331,55,36,24,28,188,3306,230000
"10127",25025061204,2127,875000,2303,0.469964664310954,141125,208523,45,64,0,11,787,106,770,61,488,449,937,283,1,1,5,10,266,1320,417000
"10128",25025061204,2210,875000,2303,0.469964664310954,141125,208523,45,64,0,11,787,106,770,61,488,449,937,283,1,1,5,10,266,1320,417000
"10301",25025061204,2110,875000,2303,0.469964664310954,141125,208523,45,64,0,11,787,106,770,61,488,449,937,283,1,1,5,10,266,1320,417000
"10711",25025061204,2116,875000,2303,0.469964664310954,141125,208523,45,64,0,11,787,106,770,61,488,449,937,283,1,1,5,10,266,1320,417000
"10921",25025130101,2132,465000,2258,0.449090909090909,110890,126889,440,580,1,206,4540,1209,3816,1023,2784,3264,6048,825,16,12,16,40,741,1464,362400
"10923",25025130101,2467,465000,2258,0.449090909090909,110890,126889,440,580,1,206,4540,1209,3816,1023,2784,3264,6048,825,16,12,16,40,741,1464,362400
"11623",25025130101,2205,465000,2258,0.449090909090909,110890,126889,440,580,1,206,4540,1209,3816,1023,2784,3264,6048,825,16,12,16,40,741,1464,362400
"11760",25025130101,2131,465000,2258,0.449090909090909,110890,126889,440,580,1,206,4540,1209,3816,1023,2784,3264,6048,825,16,12,16,40,741,1464,362400
"11791",25025130101,2026,465000,2258,0.449090909090909,110890,126889,440,580,1,206,4540,1209,3816,1023,2784,3264,6048,825,16,12,16,40,741,1464,362400
"12212",25025130101,2136,465000,2258,0.449090909090909,110890,126889,440,580,1,206,4540,1209,3816,1023,2784,3264,6048,825,16,12,16,40,741,1464,362400
"12829",25025010500,2199,1280000,2236,0.441002949852507,49103,166000,300,987,5,306,2086,473,3224,179,1850,2026,3876,339,11,4,5,20,299,1363,375000
"12838",25025010500,2115,1280000,2236,0.441002949852507,49103,166000,300,987,5,306,2086,473,3224,179,1850,2026,3876,339,11,4,5,20,299,1363,375000
"12842",25025010500,2118,1280000,2236,0.441002949852507,49103,166000,300,987,5,306,2086,473,3224,179,1850,2026,3876,339,11,4,5,20,299,1363,375000
"12853",25025010500,2116,1280000,2236,0.441002949852507,49103,166000,300,987,5,306,2086,473,3224,179,1850,2026,3876,339,11,4,5,20,299,1363,375000
"12893",25025010500,2136,1280000,2236,0.441002949852507,49103,166000,300,987,5,306,2086,473,3224,179,1850,2026,3876,339,11,4,5,20,299,1363,375000
"12949",25025010500,2215,1280000,2236,0.441002949852507,49103,166000,300,987,5,306,2086,473,3224,179,1850,2026,3876,339,11,4,5,20,299,1363,375000
"13096",25025010500,2110,1280000,2236,0.441002949852507,49103,166000,300,987,5,306,2086,473,3224,179,1850,2026,3876,339,11,4,5,20,299,1363,375000
"13595",25025010600,2116,1160000,2046,0.448051948051948,74773,204722,249,507,0,149,2472,791,2448,290,1660,1869,3529,462,2,6,10,30,414,1134,0
"13600",25025010600,2199,1160000,2046,0.448051948051948,74773,204722,249,507,0,149,2472,791,2448,290,1660,1869,3529,462,2,6,10,30,414,1134,0
"14089",25025010600,2115,1160000,2046,0.448051948051948,74773,204722,249,507,0,149,2472,791,2448,290,1660,1869,3529,462,2,6,10,30,414,1134,0
"14515",25025010600,2215,1160000,2046,0.448051948051948,74773,204722,249,507,0,149,2472,791,2448,290,1660,1869,3529,462,2,6,10,30,414,1134,0
"14746",25025081301,2119,538000,1611,0.286666666666667,15242,117617,1108,62,8,769,336,481,1369,544,1113,1281,2394,75,3,16,6,7,43,2282,260000
"14770",25025081301,2130,538000,1611,0.286666666666667,15242,117617,1108,62,8,769,336,481,1369,544,1113,1281,2394,75,3,16,6,7,43,2282,260000
"14899",25025010802,2116,880000,2185.5,0.422135706340378,110172,250001,139,281,4,44,2453,410,2414,234,1507,1551,3058,899,27,34,35,44,759,997,171000
"14902",25025010802,2115,880000,2185.5,0.422135706340378,110172,250001,139,281,4,44,2453,410,2414,234,1507,1551,3058,899,27,34,35,44,759,997,171000
"14979",25025010802,2138,880000,2185.5,0.422135706340378,110172,250001,139,281,4,44,2453,410,2414,234,1507,1551,3058,899,27,34,35,44,759,997,171000
"15106",25025010802,2215,880000,2185.5,0.422135706340378,110172,250001,139,281,4,44,2453,410,2414,234,1507,1551,3058,899,27,34,35,44,759,997,171000
"16119",25025010802,2214,880000,2185.5,0.422135706340378,110172,250001,139,281,4,44,2453,410,2414,234,1507,1551,3058,899,27,34,35,44,759,997,171000
"17184",25025080100,2119,650000,1800,0.349753694581281,31917,61250,796,46,2,1012,572,243,2243,414,1672,1228,2900,203,12,7,22,20,142,2364,312075
"17185",25025080100,2118,650000,1800,0.349753694581281,31917,61250,796,46,2,1012,572,243,2243,414,1672,1228,2900,203,12,7,22,20,142,2364,312075
"17206",25025080100,2116,650000,1800,0.349753694581281,31917,61250,796,46,2,1012,572,243,2243,414,1672,1228,2900,203,12,7,22,20,142,2364,312075
"17752",25025070104,2110,890000,2254,0.43224043715847,0,250001,144,667,2,51,1852,383,2193,286,1500,1362,2862,915,25,11,32,56,791,1310,396750
"17755",25025070104,2111,890000,2254,0.43224043715847,0,250001,144,667,2,51,1852,383,2193,286,1500,1362,2862,915,25,11,32,56,791,1310,396750
"17775",25025070104,2210,890000,2254,0.43224043715847,0,250001,144,667,2,51,1852,383,2193,286,1500,1362,2862,915,25,11,32,56,791,1310,396750
"17817",25025070104,2109,890000,2254,0.43224043715847,0,250001,144,667,2,51,1852,383,2193,286,1500,1362,2862,915,25,11,32,56,791,1310,396750
"17832",25025070104,2108,890000,2254,0.43224043715847,0,250001,144,667,2,51,1852,383,2193,286,1500,1362,2862,915,25,11,32,56,791,1310,396750
"17973",25025070104,2024,890000,2254,0.43224043715847,0,250001,144,667,2,51,1852,383,2193,286,1500,1362,2862,915,25,11,32,56,791,1310,396750
"18263",25025070104,2205,890000,2254,0.43224043715847,0,250001,144,667,2,51,1852,383,2193,286,1500,1362,2862,915,25,11,32,56,791,1310,396750
"19065",25025070104,2129,890000,2254,0.43224043715847,0,250001,144,667,2,51,1852,383,2193,286,1500,1362,2862,915,25,11,32,56,791,1310,396750
"19926",25025020200,2114,599000,2157.5,0.432098765432099,99917,178125,269,329,1,166,2870,375,3233,196,1621,2183,3804,648,5,11,24,48,560,677,329625
"20016",25025020200,2134,599000,2157.5,0.432098765432099,99917,178125,269,329,1,166,2870,375,3233,196,1621,2183,3804,648,5,11,24,48,560,677,329625
"20361",25025020200,2115,599000,2157.5,0.432098765432099,99917,178125,269,329,1,166,2870,375,3233,196,1621,2183,3804,648,5,11,24,48,560,677,329625
"21660",25025082100,2121,534950,1794,0.244186046511628,22482,140242,2079,48,9,2657,164,700,3124,1400,2243,2981,5224,172,54,12,7,15,84,4197.5,411000
"21835",25025082100,2122,534950,1794,0.244186046511628,22482,140242,2079,48,9,2657,164,700,3124,1400,2243,2981,5224,172,54,12,7,15,84,4197.5,411000
"22008",25025082100,2124,534950,1794,0.244186046511628,22482,140242,2079,48,9,2657,164,700,3124,1400,2243,2981,5224,172,54,12,7,15,84,4197.5,411000
"22044",25025020304,2114,947000,2429,0.5,186406,0,193,233,2,111,1269,64,1676,166,921,985,1906,35,0,0,0,0,35,1029,424999
"22131",25025040600,2129,610000,1852,0.457354758961681,126719,235350,202,266,2,89,2981,308,2867,508,1788,1895,3683,809,8,6,21,34,740,1232,417000
"23856",25025140107,2136,340000,2010.5,0.426948051948052,0,126063,746,57,10,1032,747,462,1758,558,1286,1492,2778,308,23,7,6,9,263,1455,280300
"23884",25025140107,2138,340000,2010.5,0.426948051948052,0,126063,746,57,10,1032,747,462,1758,558,1286,1492,2778,308,23,7,6,9,263,1455,280300
"24668",25025140102,2136,355000,2185,0.433723196881092,48551,122634,998,139,5,1984,1562,710,3219,1029,2347,2611,4958,513,26,12,18,12,445,1530,305000
"24814",25025140102,2137,355000,2185,0.433723196881092,48551,122634,998,139,5,1984,1562,710,3219,1029,2347,2611,4958,513,26,12,18,12,445,1530,305000
"24996",25025140102,2134,355000,2185,0.433723196881092,48551,122634,998,139,5,1984,1562,710,3219,1029,2347,2611,4958,513,26,12,18,12,445,1530,305000
"25005",25025140102,2186,355000,2185,0.433723196881092,48551,122634,998,139,5,1984,1562,710,3219,1029,2347,2611,4958,513,26,12,18,12,445,1530,305000
"25990",25025120104,2130,472500,2140.5,0.472463768115942,90761,137083,324,156,1,153,1570,236,1804,333,1050,1323,2373,345,1,1,5,12,326,1070,350400
"26852",25025091200,2125,444900,2046,0.40519877675841,40625,143056,761,174,0,546,1120,375,2172,593,1549,1591,3140,327,27,12,13,10,265,1300,350000
"26893",25025091200,2126,444900,2046,0.40519877675841,40625,143056,761,174,0,546,1120,375,2172,593,1549,1591,3140,327,27,12,13,10,265,1300,350000
"27028",25025091200,2127,444900,2046,0.40519877675841,40625,143056,761,174,0,546,1120,375,2172,593,1549,1591,3140,327,27,12,13,10,265,1300,350000
"27035",25025091200,2128,444900,2046,0.40519877675841,40625,143056,761,174,0,546,1120,375,2172,593,1549,1591,3140,327,27,12,13,10,265,1300,350000
"27111",25025091200,2124,444900,2046,0.40519877675841,40625,143056,761,174,0,546,1120,375,2172,593,1549,1591,3140,327,27,12,13,10,265,1300,350000
"27616",25025040300,2128,619000,1895,0.456359102244389,137781,172361,465,138,0,226,3506,365,3209,951,2085,2440,4525,1203,13,12,29,51,1098,1107,435000
"27617",25025040300,2129,619000,1895,0.456359102244389,137781,172361,465,138,0,226,3506,365,3209,951,2085,2440,4525,1203,13,12,29,51,1098,1107,435000
"27618",25025040300,2130,619000,1895,0.456359102244389,137781,172361,465,138,0,226,3506,365,3209,951,2085,2440,4525,1203,13,12,29,51,1098,1107,435000
"30085",25025040300,2467,619000,1895,0.456359102244389,137781,172361,465,138,0,226,3506,365,3209,951,2085,2440,4525,1203,13,12,29,51,1098,1107,435000
"30503",25025000302,2135,451000,2385,0.39070351758794,109688,77246,233,550,0,91,2022,449,2373,250,1546,1526,3072,398,6,13,31,37,311,1057,249485
"31070",25025000302,2210,451000,2385,0.39070351758794,109688,77246,233,550,0,91,2022,449,2373,250,1546,1526,3072,398,6,13,31,37,311,1057,249485
"31473",25025000604,2134,398500,2499,0.389784946236559,44315,116304,361,550,1,110,1377,281,2109,201,1286,1305,2591,186,5,5,16,15,145,1006,125375
"31481",25025000604,2135,398500,2499,0.389784946236559,44315,116304,361,550,1,110,1377,281,2109,201,1286,1305,2591,186,5,5,16,15,145,1006,125375
"32029",25025081102,2120,447000,1910.5,0.398617511520737,67206,0,508,731,6,529,1248,468,2459,238,1585,1580,3165,217,8,4,8,24,173,1200,270000
"32039",25025081102,2130,447000,1910.5,0.398617511520737,67206,0,508,731,6,529,1248,468,2459,238,1585,1580,3165,217,8,4,8,24,173,1200,270000
"32043",25025081102,2116,447000,1910.5,0.398617511520737,67206,0,508,731,6,529,1248,468,2459,238,1585,1580,3165,217,8,4,8,24,173,1200,270000
"32051",25025081102,2115,447000,1910.5,0.398617511520737,67206,0,508,731,6,529,1248,468,2459,238,1585,1580,3165,217,8,4,8,24,173,1200,270000
"32289",25025081102,2119,447000,1910.5,0.398617511520737,67206,0,508,731,6,529,1248,468,2459,238,1585,1580,3165,217,8,4,8,24,173,1200,270000
"32663",25025051101,2128,410000,2389,0.399321266968326,53622,91371,2821,313,3,275,2741,828,4446,1186,3228,3232,6460,442,27,7,29,26,353,1893,3e+05
"33700",25025081500,2119,395000,2086,0.377880184331797,43720,71649,631,117,4,1107,406,264,1720,465,1124,1325,2449,217,20,8,16,9,164,1754,288000
"34256",25025061201,2109,564250,2053,0.411877394636015,53346,124250,132,170,0,65,1567,166,1716,131,1086,927,2013,522,10,17,25,40,430,1109.5,391800
"34257",25025061201,2127,564250,2053,0.411877394636015,53346,124250,132,170,0,65,1567,166,1716,131,1086,927,2013,522,10,17,25,40,430,1109.5,391800
"34303",25025061201,2129,564250,2053,0.411877394636015,53346,124250,132,170,0,65,1567,166,1716,131,1086,927,2013,522,10,17,25,40,430,1109.5,391800
"35349",25025100500,2124,4e+05,1693,0.366729678638941,24450,138952,1421,667,29,3060,934,800,4252,1524,3020,3556,6576,529,52,29,30,30,388,2394,304000
"35350",25025100500,2125,4e+05,1693,0.366729678638941,24450,138952,1421,667,29,3060,934,800,4252,1524,3020,3556,6576,529,52,29,30,30,388,2394,304000
"35474",25025100500,2122,4e+05,1693,0.366729678638941,24450,138952,1421,667,29,3060,934,800,4252,1524,3020,3556,6576,529,52,29,30,30,388,2394,304000
"36000",25025100500,2119,4e+05,1693,0.366729678638941,24450,138952,1421,667,29,3060,934,800,4252,1524,3020,3556,6576,529,52,29,30,30,388,2394,304000
"36824",25025080900,2119,1150000,2841.5,0.354054054054054,71875,0,355,1305,2,319,2194,329,3763,284,2280,2096,4376,185,12,18,14,10,131,2992,750000
"36825",25025080900,2120,1150000,2841.5,0.354054054054054,71875,0,355,1305,2,319,2194,329,3763,284,2280,2096,4376,185,12,18,14,10,131,2992,750000
"37107",25025080900,2115,1150000,2841.5,0.354054054054054,71875,0,355,1305,2,319,2194,329,3763,284,2280,2096,4376,185,12,18,14,10,131,2992,750000
"37313",25025140300,2136,350000,1711.5,0.387947269303202,0,91446,1846,78,13,3681,920,1227,4288,1328,3198,3645,6843,531,57,15,32,15,412,1890,281250
"37339",25025140300,2135,350000,1711.5,0.387947269303202,0,91446,1846,78,13,3681,920,1227,4288,1328,3198,3645,6843,531,57,15,32,15,412,1890,281250
"37408",25025140300,1236,350000,1711.5,0.387947269303202,0,91446,1846,78,13,3681,920,1227,4288,1328,3198,3645,6843,531,57,15,32,15,412,1890,281250
"37666",25025140300,2132,350000,1711.5,0.387947269303202,0,91446,1846,78,13,3681,920,1227,4288,1328,3198,3645,6843,531,57,15,32,15,412,1890,281250
"38765",25025091600,2122,355950,2336,0.353503184713376,63045,84297,639,927,13,684,462,396,2106,698,1618,1582,3200,314,34,13,23,22,222,1344.5,243775
"38971",25025091600,2124,355950,2336,0.353503184713376,63045,84297,639,927,13,684,462,396,2106,698,1618,1582,3200,314,34,13,23,22,222,1344.5,243775
"39023",25025091600,2125,355950,2336,0.353503184713376,63045,84297,639,927,13,684,462,396,2106,698,1618,1582,3200,314,34,13,23,22,222,1344.5,243775
"39635",25025050400,2128,473000,2318,0.403508771929825,67250,0,969,119,2,41,1090,235,1786,351,1218,1154,2372,228,4,6,7,27,184,1407,336250
"40119",25025050400,2228,473000,2318,0.403508771929825,67250,0,969,119,2,41,1090,235,1786,351,1218,1154,2372,228,4,6,7,27,184,1407,336250
"40182",25025082000,2121,334500,1397.5,0.325581395348837,32336,122895,830,32,8,1882,129,425,2010,760,1477,1718,3195,215,37,9,14,15,140,2730,270000
"40194",25025082000,2119,334500,1397.5,0.325581395348837,32336,122895,830,32,8,1882,129,425,2010,760,1477,1718,3195,215,37,9,14,15,140,2730,270000
"40294",25025082000,2122,334500,1397.5,0.325581395348837,32336,122895,830,32,8,1882,129,425,2010,760,1477,1718,3195,215,37,9,14,15,140,2730,270000
"40366",25025082000,2125,334500,1397.5,0.325581395348837,32336,122895,830,32,8,1882,129,425,2010,760,1477,1718,3195,215,37,9,14,15,140,2730,270000
"40701",25025120301,2130,490000,2332,0.441126279863481,99559,128066,1590,296,3,637,2274,583,3754,783,2437,2683,5120,586,15,9,20,25,517,1178.5,354215
"40709",25025120301,2119,490000,2332,0.441126279863481,99559,128066,1590,296,3,637,2274,583,3754,783,2437,2683,5120,586,15,9,20,25,517,1178.5,354215
"42240",25025091700,2122,415750,1575,0.331632653061224,39750,84500,795,155,13,1311,208,318,2033,852,1549,1654,3203,196,19,14,11,22,130,3249,302000
"42440",25025091700,2124,415750,1575,0.331632653061224,39750,84500,795,155,13,1311,208,318,2033,852,1549,1654,3203,196,19,14,11,22,130,3249,302000
"42988",25025051200,2128,465562.5,2239,0.419354838709677,100245,114167,1000,149,1,85,2017,235,2730,489,1741,1713,3454,372,6,15,16,23,312,1229,358512.5
"43449",25025051200,2215,465562.5,2239,0.419354838709677,100245,114167,1000,149,1,85,2017,235,2730,489,1741,1713,3454,372,6,15,16,23,312,1229,358512.5
"43871",25025110105,2130,425000,2560,0.449180327868852,103900,141397,281,302,1,158,1233,229,1644,247,999,1121,2120,305,6,2,8,15,274,1104,297500
"44001",25025110105,2467,425000,2560,0.449180327868852,103900,141397,281,302,1,158,1233,229,1644,247,999,1121,2120,305,6,2,8,15,274,1104,297500
"44117",25025110105,2132,425000,2560,0.449180327868852,103900,141397,281,302,1,158,1233,229,1644,247,999,1121,2120,305,6,2,8,15,274,1104,297500
"44318",25025110105,2131,425000,2560,0.449180327868852,103900,141397,281,302,1,158,1233,229,1644,247,999,1121,2120,305,6,2,8,15,274,1104,297500
"44682",25025120201,2130,465000,2233,0.462927756653992,76066,130809,828,416,8,484,2353,418,3368,574,2000,2360,4360,526,6,5,14,14,487,1015,340000
"44957",25025120201,2131,465000,2233,0.462927756653992,76066,130809,828,416,8,484,2353,418,3368,574,2000,2360,4360,526,6,5,14,14,487,1015,340000
"44962",25025120201,2118,465000,2233,0.462927756653992,76066,130809,828,416,8,484,2353,418,3368,574,2000,2360,4360,526,6,5,14,14,487,1015,340000
"45607",25025120201,2126,465000,2233,0.462927756653992,76066,130809,828,416,8,484,2353,418,3368,574,2000,2360,4360,526,6,5,14,14,487,1015,340000
"45992",25025110501,2131,462500,2365.5,0.470652173913043,84327,155469,508,111,4,269,2237,497,2141,664,1561,1741,3302,460,9,5,6,7,433,1596.5,366625
"46023",25025110501,2132,462500,2365.5,0.470652173913043,84327,155469,508,111,4,269,2237,497,2141,664,1561,1741,3302,460,9,5,6,7,433,1596.5,366625
"46874",25025110501,2130,462500,2365.5,0.470652173913043,84327,155469,508,111,4,269,2237,497,2141,664,1561,1741,3302,460,9,5,6,7,433,1596.5,366625
"47018",25025080300,2119,310250,1852,0.325757575757576,35435,0,805,80,1,1045,146,211,1452,573,1029,1207,2236,132,11,14,10,11,86,1701,168982
"47406",25025060400,2127,535000,1898,0.427992799279928,146931,154762,181,104,6,27,4740,627,4174,394,2377,2818,5195,1111,13,23,52,72,951,1073,392800
"47570",25025060400,2129,535000,1898,0.427992799279928,146931,154762,181,104,6,27,4740,627,4174,394,2377,2818,5195,1111,13,23,52,72,951,1073,392800
"49876",25025020101,2108,1004500,2179.5,0.450897072710104,110865,250001,167,210,0,44,3643,801,3011,423,1911,2324,4235,1059,4,15,26,59,955,1030,3e+05
"49879",25025020101,2116,1004500,2179.5,0.450897072710104,110865,250001,167,210,0,44,3643,801,3011,423,1911,2324,4235,1059,4,15,26,59,955,1030,3e+05
"49881",25025020101,2114,1004500,2179.5,0.450897072710104,110865,250001,167,210,0,44,3643,801,3011,423,1911,2324,4235,1059,4,15,26,59,955,1030,3e+05
"49910",25025020101,2135,1004500,2179.5,0.450897072710104,110865,250001,167,210,0,44,3643,801,3011,423,1911,2324,4235,1059,4,15,26,59,955,1030,3e+05
"49964",25025020101,2115,1004500,2179.5,0.450897072710104,110865,250001,167,210,0,44,3643,801,3011,423,1911,2324,4235,1059,4,15,26,59,955,1030,3e+05
"50797",25025020101,2127,1004500,2179.5,0.450897072710104,110865,250001,167,210,0,44,3643,801,3011,423,1911,2324,4235,1059,4,15,26,59,955,1030,3e+05
"51722",25025020101,2134,1004500,2179.5,0.450897072710104,110865,250001,167,210,0,44,3643,801,3011,423,1911,2324,4235,1059,4,15,26,59,955,1030,3e+05
"52559",25025101001,2126,289950,1776,0.377358490566038,35276,120265,784,16,8,4340,107,1061,3408,1126,2493,3102,5595,371,48,22,8,13,280,1568,256100
"52641",25025101001,2136,289950,1776,0.377358490566038,35276,120265,784,16,8,4340,107,1061,3408,1126,2493,3102,5595,371,48,22,8,13,280,1568,256100
"53627",25025080601,2119,423005,3031.5,0.397058823529412,12199,87155,687,1263,5,732,1749,217,4215,300,2192,2540,4732,68,0,2,4,8,54,1353,204900
"53628",25025080601,2120,423005,3031.5,0.397058823529412,12199,87155,687,1263,5,732,1749,217,4215,300,2192,2540,4732,68,0,2,4,8,54,1353,204900
"53633",25025080601,2118,423005,3031.5,0.397058823529412,12199,87155,687,1263,5,732,1749,217,4215,300,2192,2540,4732,68,0,2,4,8,54,1353,204900
"53846",25025100601,2122,346000,2204,0.41294964028777,109188,97583,592,1075,8,1100,2095,625,3697,1020,2586,2756,5342,695,35,25,28,33,574,1188,267235
"53847",25025100601,2124,346000,2204,0.41294964028777,109188,97583,592,1075,8,1100,2095,625,3697,1020,2586,2756,5342,695,35,25,28,33,574,1188,267235
"53888",25025100601,2125,346000,2204,0.41294964028777,109188,97583,592,1075,8,1100,2095,625,3697,1020,2586,2756,5342,695,35,25,28,33,574,1188,267235
"55260",25025100601,2121,346000,2204,0.41294964028777,109188,97583,592,1075,8,1100,2095,625,3697,1020,2586,2756,5342,695,35,25,28,33,574,1188,267235
"55644",25025100300,2125,355000,996.5,0.349206349206349,34207,94792,650,98,10,2505,128,519,2313,905,1706,2031,3737,315,37,22,24,12,220,2610,281050
"55645",25025100300,2124,355000,996.5,0.349206349206349,34207,94792,650,98,10,2505,128,519,2313,905,1706,2031,3737,315,37,22,24,12,220,2610,281050
"55657",25025100300,2126,355000,996.5,0.349206349206349,34207,94792,650,98,10,2505,128,519,2313,905,1706,2031,3737,315,37,22,24,12,220,2610,281050
"56480",25025080401,2119,599500,2741.5,0.35,21462,74821,1341,291,10,1214,352,520,2189,682,1375,2016,3391,90,5,2,9,11,63,1569.5,367200
"56484",25025080401,2118,599500,2741.5,0.35,21462,74821,1341,291,10,1214,352,520,2189,682,1375,2016,3391,90,5,2,9,11,63,1569.5,367200
"56581",25025080401,2127,599500,2741.5,0.35,21462,74821,1341,291,10,1214,352,520,2189,682,1375,2016,3391,90,5,2,9,11,63,1569.5,367200
"56621",25025080401,2120,599500,2741.5,0.35,21462,74821,1341,291,10,1214,352,520,2189,682,1375,2016,3391,90,5,2,9,11,63,1569.5,367200
"56740",25025000805,2134,460000,2557.5,0.303703703703704,44625,109348,532,1437,4,176,2194,164,4163,289,2397,2219,4616,135,4,8,18,23,82,1503,0
"56768",25025000805,2135,460000,2557.5,0.303703703703704,44625,109348,532,1437,4,176,2194,164,4163,289,2397,2219,4616,135,4,8,18,23,82,1503,0
"56827",25025000805,2459,460000,2557.5,0.303703703703704,44625,109348,532,1437,4,176,2194,164,4163,289,2397,2219,4616,135,4,8,18,23,82,1503,0
"57156",25025030200,2113,650000,1932.5,0.423444976076555,103519,180568,105,76,0,13,1558,155,1587,73,788,1027,1815,209,1,5,14,12,177,800,360000
"57157",25025030200,2114,650000,1932.5,0.423444976076555,103519,180568,105,76,0,13,1558,155,1587,73,788,1027,1815,209,1,5,14,12,177,800,360000
"57289",25025030200,2129,650000,1932.5,0.423444976076555,103519,180568,105,76,0,13,1558,155,1587,73,788,1027,1815,209,1,5,14,12,177,800,360000
"57660",25025090400,2125,297500,1703.5,0.285714285714286,51103,73056,1398,140,5,1712,168,513,2490,1098,1918,2183,4101,266,64,12,19,19,152,2417.5,222080.5
"57664",25025090400,2119,297500,1703.5,0.285714285714286,51103,73056,1398,140,5,1712,168,513,2490,1098,1918,2183,4101,266,64,12,19,19,152,2417.5,222080.5
"57678",25025090400,2121,297500,1703.5,0.285714285714286,51103,73056,1398,140,5,1712,168,513,2490,1098,1918,2183,4101,266,64,12,19,19,152,2417.5,222080.5
"57724",25025090400,2130,297500,1703.5,0.285714285714286,51103,73056,1398,140,5,1712,168,513,2490,1098,1918,2183,4101,266,64,12,19,19,152,2417.5,222080.5
"57980",25025090400,2124,297500,1703.5,0.285714285714286,51103,73056,1398,140,5,1712,168,513,2490,1098,1918,2183,4101,266,64,12,19,19,152,2417.5,222080.5
"58118",25025090400,2122,297500,1703.5,0.285714285714286,51103,73056,1398,140,5,1712,168,513,2490,1098,1918,2183,4101,266,64,12,19,19,152,2417.5,222080.5
"58541",25025000704,2134,375000,2553,0.328828828828829,63571,84000,699,1387,2,287,2669,268,4661,383,2502,2810,5312,444,58,21,43,30,292,815,0
"58870",25025000704,2135,375000,2553,0.328828828828829,63571,84000,699,1387,2,287,2669,268,4661,383,2502,2810,5312,444,58,21,43,30,292,815,0
"59723",25025000704,2215,375000,2553,0.328828828828829,63571,84000,699,1387,2,287,2669,268,4661,383,2502,2810,5312,444,58,21,43,30,292,815,0
"59868",25025110403,2131,411500,2085,0.436346863468635,60428,122083,1026,124,3,914,2122,764,2831,842,2037,2400,4437,542,29,9,14,17,473,1400,324400
"61277",25025050901,2128,450000,2080,0.364864864864865,81360,71513,2749,92,2,77,1091,258,3010,974,2236,2006,4242,333,26,9,31,24,243,2026,319113
"61418",25025050901,2129,450000,2080,0.364864864864865,81360,71513,2749,92,2,77,1091,258,3010,974,2236,2006,4242,333,26,9,31,24,243,2026,319113
"61675",25025050901,2108,450000,2080,0.364864864864865,81360,71513,2749,92,2,77,1091,258,3010,974,2236,2006,4242,333,26,9,31,24,243,2026,319113
"62139",25025110601,2467,549900,2252.5,0.468227424749164,85667,177321,147,185,0,52,2164,862,1375,402,1214,1425,2639,299,5,2,6,6,280,1574,4e+05
"62140",25025110601,2132,549900,2252.5,0.468227424749164,85667,177321,147,185,0,52,2164,862,1375,402,1214,1425,2639,299,5,2,6,6,280,1574,4e+05
"62191",25025110601,2130,549900,2252.5,0.468227424749164,85667,177321,147,185,0,52,2164,862,1375,402,1214,1425,2639,299,5,2,6,6,280,1574,4e+05
"62198",25025110601,2131,549900,2252.5,0.468227424749164,85667,177321,147,185,0,52,2164,862,1375,402,1214,1425,2639,299,5,2,6,6,280,1574,4e+05
"62912",25025100700,2124,427500,2344.5,0.417307692307692,97614,132370,121,200,0,140,3729,759,2855,718,2120,2212,4332,520,19,15,22,30,434,1420,334575
"62913",25025100700,2122,427500,2344.5,0.417307692307692,97614,132370,121,200,0,140,3729,759,2855,718,2120,2212,4332,520,19,15,22,30,434,1420,334575
"63149",25025100700,2125,427500,2344.5,0.417307692307692,97614,132370,121,200,0,140,3729,759,2855,718,2120,2212,4332,520,19,15,22,30,434,1420,334575
"64255",25025090300,2121,355000,1462,0.34010152284264,30956,87798,1469,48,11,1812,82,321,2295,1179,1644,2151,3795,197,32,9,12,10,134,3455,270000
"64333",25025090300,2125,355000,1462,0.34010152284264,30956,87798,1469,48,11,1812,82,321,2295,1179,1644,2151,3795,197,32,9,12,10,134,3455,270000
"64452",25025090300,2124,355000,1462,0.34010152284264,30956,87798,1469,48,11,1812,82,321,2295,1179,1644,2151,3795,197,32,9,12,10,134,3455,270000
"64799",25025140201,2136,420000,2457,0.417098445595855,86875,116302,493,69,1,763,767,315,1511,485,1131,1180,2311,193,13,4,7,8,161,1574,361325
"64816",25025140201,2445,420000,2457,0.417098445595855,86875,116302,493,69,1,763,767,315,1511,485,1131,1180,2311,193,13,4,7,8,161,1574,361325
"65110",25025140201,2137,420000,2457,0.417098445595855,86875,116302,493,69,1,763,767,315,1511,485,1131,1180,2311,193,13,4,7,8,161,1574,361325
"65310",25025060604,2210,910000,1502.5,0.446428571428571,202778,224435,176,250,0,95,2110,177,2501,125,1400,1403,2803,224,0,0,12,12,200,1156,382000
"65315",25025060604,2110,910000,1502.5,0.446428571428571,202778,224435,176,250,0,95,2110,177,2501,125,1400,1403,2803,224,0,0,12,12,200,1156,382000
"65363",25025060604,2215,910000,1502.5,0.446428571428571,202778,224435,176,250,0,95,2110,177,2501,125,1400,1403,2803,224,0,0,12,12,200,1156,382000
"65377",25025060604,2127,910000,1502.5,0.446428571428571,202778,224435,176,250,0,95,2110,177,2501,125,1400,1403,2803,224,0,0,12,12,200,1156,382000
"65679",25025091001,2125,434000,2295,0.411137440758294,90268,96944,311,702,5,275,1766,459,2408,388,1664,1591,3255,422,14,9,24,28,347,1150,3e+05
"65687",25025091001,2122,434000,2295,0.411137440758294,90268,96944,311,702,5,275,1766,459,2408,388,1664,1591,3255,422,14,9,24,28,347,1150,3e+05
"65701",25025091001,2215,434000,2295,0.411137440758294,90268,96944,311,702,5,275,1766,459,2408,388,1664,1591,3255,422,14,9,24,28,347,1150,3e+05
"65958",25025091001,2135,434000,2295,0.411137440758294,90268,96944,311,702,5,275,1766,459,2408,388,1664,1591,3255,422,14,9,24,28,347,1150,3e+05
"66725",25025081700,2119,367875,1769,0.338495575221239,22283,0,1100,158,22,2337,254,630,2505,1006,1798,2343,4141,226,32,6,23,12,153,2309,280000
"67087",25025081700,2131,367875,1769,0.338495575221239,22283,0,1100,158,22,2337,254,630,2505,1006,1798,2343,4141,226,32,6,23,12,153,2309,280000
"67213",25025081700,2121,367875,1769,0.338495575221239,22283,0,1100,158,22,2337,254,630,2505,1006,1798,2343,4141,226,32,6,23,12,153,2309,280000
"67342",25025000401,2135,375000,2794.5,0.395759717314488,72333,130043,445,1242,6,177,3717,1309,4130,414,2630,3223,5853,566,11,21,45,41,448,769.5,129690
"67597",25025000401,2134,375000,2794.5,0.395759717314488,72333,130043,445,1242,6,177,3717,1309,4130,414,2630,3223,5853,566,11,21,45,41,448,769.5,129690
"68161",25025000401,2465,375000,2794.5,0.395759717314488,72333,130043,445,1242,6,177,3717,1309,4130,414,2630,3223,5853,566,11,21,45,41,448,769.5,129690
"69031",25025000603,2135,337000,1882,0.422222222222222,21060,0,445,420,0,396,401,295,1165,297,853,904,1757,45,0,1,4,2,38,675,166600
"69142",25025090600,2119,377500,1764,0.328767123287671,40441,115417,621,50,3,744,175,314,1567,569,1113,1337,2450,146,17,7,22,4,96,1998.5,177725
"69157",25025090600,2125,377500,1764,0.328767123287671,40441,115417,621,50,3,744,175,314,1567,569,1113,1337,2450,146,17,7,22,4,96,1998.5,177725
"69540",25025050200,2128,460000,2015,0.385714285714286,53875,143219,3168,174,15,121,1467,369,3708,1120,2634,2563,5197,455,19,19,26,40,351,1739,351000
"69812",25025050200,2028,460000,2015,0.385714285714286,53875,143219,3168,174,15,121,1467,369,3708,1120,2634,2563,5197,455,19,19,26,40,351,1739,351000
"70692",25025061000,2127,505000,1896.5,0.442028985507246,43565,250001,634,164,0,334,1168,212,1721,483,1154,1262,2416,345,4,7,11,18,305,1014,373500
"71444",25025000102,2135,690500,2346,0.384180790960452,105161,118958,554,883,8,298,1565,384,2726,604,1828,1886,3714,177,5,15,8,13,136,1905,320625
"71463",25025000102,2129,690500,2346,0.384180790960452,105161,118958,554,883,8,298,1565,384,2726,604,1828,1886,3714,177,5,15,8,13,136,1905,320625
"71465",25025000102,2134,690500,2346,0.384180790960452,105161,118958,554,883,8,298,1565,384,2726,604,1828,1886,3714,177,5,15,8,13,136,1905,320625
"71899",25025100900,2124,402000,1716,0.396788990825688,87750,103269,424,364,7,2089,993,726,2701,721,1939,2209,4148,436,52,11,10,17,346,1632,282111
"71904",25025100900,2126,402000,1716,0.396788990825688,87750,103269,424,364,7,2089,993,726,2701,721,1939,2209,4148,436,52,11,10,17,346,1632,282111
"72059",25025100900,2136,402000,1716,0.396788990825688,87750,103269,424,364,7,2089,993,726,2701,721,1939,2209,4148,436,52,11,10,17,346,1632,282111
"72997",25025070402,2118,1312500,2132,0.4625,64250,0,278,1308,3,374,1473,505,2746,310,1699,1862,3561,40,1,1,0,1,37,1196.5,481000
"73019",25025070402,2116,1312500,2132,0.4625,64250,0,278,1308,3,374,1473,505,2746,310,1699,1862,3561,40,1,1,0,1,37,1196.5,481000
"73091",25025010801,2116,9e+05,2170,0.445443645083933,88750,182059,202,237,3,86,2235,540,2171,145,1357,1499,2856,834,5,8,29,49,743,999.5,307750
"73285",25025010801,2115,9e+05,2170,0.445443645083933,88750,182059,202,237,3,86,2235,540,2171,145,1357,1499,2856,834,5,8,29,49,743,999.5,307750
"75212",25025050101,2128,415000,2257,0.39589905362776,53646,113426,3058,253,2,176,1242,457,3351,1109,2437,2480,4917,317,38,5,12,11,251,1516,275500
"76121",25025090200,2121,362000,1903,0.323008849557522,31150,96806,1099,56,0,933,105,241,1385,786,1085,1327,2412,113,16,12,3,9,73,3360,234375
"76229",25025090200,2125,362000,1903,0.323008849557522,31150,96806,1099,56,0,933,105,241,1385,786,1085,1327,2412,113,16,12,3,9,73,3360,234375
"76479",25025140202,2136,389500,2490.5,0.429718875502008,61681,153875,1425,179,9,1921,2010,886,3717,1221,2751,3073,5824,498,25,10,20,15,428,1616,328750
"76895",25025140202,2111,389500,2490.5,0.429718875502008,61681,153875,1425,179,9,1921,2010,886,3717,1221,2751,3073,5824,498,25,10,20,15,428,1616,328750
"77061",25025140202,2126,389500,2490.5,0.429718875502008,61681,153875,1425,179,9,1921,2010,886,3717,1221,2751,3073,5824,498,25,10,20,15,428,1616,328750
"77094",25025140202,2135,389500,2490.5,0.429718875502008,61681,153875,1425,179,9,1921,2010,886,3717,1221,2751,3073,5824,498,25,10,20,15,428,1616,328750
"77195",25025140202,2186,389500,2490.5,0.429718875502008,61681,153875,1425,179,9,1921,2010,886,3717,1221,2751,3073,5824,498,25,10,20,15,428,1616,328750
"77813",25025030500,2109,697000,2213,0.443014705882353,105938,129444,89,108,1,33,2395,418,2141,156,1276,1439,2715,544,4,3,18,37,482,1001,337725
"77820",25025030500,2113,697000,2213,0.443014705882353,105938,129444,89,108,1,33,2395,418,2141,156,1276,1439,2715,544,4,3,18,37,482,1001,337725
"78123",25025030500,2190,697000,2213,0.443014705882353,105938,129444,89,108,1,33,2395,418,2141,156,1276,1439,2715,544,4,3,18,37,482,1001,337725
"79215",25025140105,2136,362700,2133,0.428954423592493,57682,116319,1149,77,4,1083,1131,561,2373,658,1668,1924,3592,373,25,8,10,10,320,1328,310000
"79218",25025140105,2131,362700,2133,0.428954423592493,57682,116319,1149,77,4,1083,1131,561,2373,658,1668,1924,3592,373,25,8,10,10,320,1328,310000
"80195",25025070301,2116,840000,2119,0.455823293172691,0,243333,163,207,0,50,1687,312,1687,214,1144,1069,2213,747,2,14,18,32,681,1011,457500
"80231",25025070301,2118,840000,2119,0.455823293172691,0,243333,163,207,0,50,1687,312,1687,214,1144,1069,2213,747,2,14,18,32,681,1011,457500
"80313",25025070301,2109,840000,2119,0.455823293172691,0,243333,163,207,0,50,1687,312,1687,214,1144,1069,2213,747,2,14,18,32,681,1011,457500
"82226",25025050600,2128,432000,2449,0.41183574879227,66425,140781,1168,82,3,46,701,123,1589,362,1075,999,2074,414,16,15,24,18,341,988,326100
"82326",25025050600,2129,432000,2449,0.41183574879227,66425,140781,1168,82,3,46,701,123,1589,362,1075,999,2074,414,16,15,24,18,341,988,326100
"83257",25025060501,2127,575000,1850,0.437974683544304,125556,155386,184,207,2,31,4167,294,4018,421,2301,2432,4733,1185,6,29,47,65,1038,1116,410000
"85726",25025091100,2125,410000,2077.5,0.408653846153846,90972,135556,430,1191,8,430,2528,517,3770,629,2483,2433,4916,624,26,18,20,50,510,1238,307600
"86688",25025091100,2124,410000,2077.5,0.408653846153846,90972,135556,430,1191,8,430,2528,517,3770,629,2483,2433,4916,624,26,18,20,50,510,1238,307600
"87185",25025092101,2122,385000,2212,0.396341463414634,32071,127755,919,2386,10,1260,1900,917,4636,1368,3362,3559,6921,738,45,18,31,59,585,1325,284525
"87263",25025092101,2124,385000,2212,0.396341463414634,32071,127755,919,2386,10,1260,1900,917,4636,1368,3362,3559,6921,738,45,18,31,59,585,1325,284525
"87305",25025092101,2131,385000,2212,0.396341463414634,32071,127755,919,2386,10,1260,1900,917,4636,1368,3362,3559,6921,738,45,18,31,59,585,1325,284525
"88035",25025092101,2125,385000,2212,0.396341463414634,32071,127755,919,2386,10,1260,1900,917,4636,1368,3362,3559,6921,738,45,18,31,59,585,1325,284525
"89210",25025050500,2128,430000,2510,0.392638036809816,81875,127750,944,103,0,45,932,127,1693,354,1119,1055,2174,163,7,8,14,6,128,927,319200
"89658",25025040401,2128,634500,1985,0.463842975206612,85390,177688,204,354,0,68,2206,367,2017,538,1384,1538,2922,484,6,5,7,17,449,1134,440800
"89660",25025040401,2129,634500,1985,0.463842975206612,85390,177688,204,354,0,68,2206,367,2017,538,1384,1538,2922,484,6,5,7,17,449,1134,440800
"89762",25025040401,2136,634500,1985,0.463842975206612,85390,177688,204,354,0,68,2206,367,2017,538,1384,1538,2922,484,6,5,7,17,449,1134,440800
"90791",25025070600,2116,899700,1827,0.462558502340094,135500,250001,131,127,1,99,1805,296,1705,286,1225,1062,2287,641,3,5,14,26,593,1038,450000
"90792",25025070600,2118,899700,1827,0.462558502340094,135500,250001,131,127,1,99,1805,296,1705,286,1225,1062,2287,641,3,5,14,26,593,1038,450000
"90861",25025070600,2218,899700,1827,0.462558502340094,135500,250001,131,127,1,99,1805,296,1705,286,1225,1062,2287,641,3,5,14,26,593,1038,450000
"91118",25025070600,2114,899700,1827,0.462558502340094,135500,250001,131,127,1,99,1805,296,1705,286,1225,1062,2287,641,3,5,14,26,593,1038,450000
"92330",25025050300,2128,4e+05,2390,0.378151260504202,53902,0,1207,354,5,283,1251,478,2299,481,1596,1662,3258,119,18,1,4,6,90,1226,233381
"92610",25025110607,2131,479000,2355,0.459517045454545,84984,163846,456,227,2,269,4074,1211,3229,836,2401,2875,5276,704,12,13,11,21,647,1445.5,351625
"92620",25025110607,2132,479000,2355,0.459517045454545,84984,163846,456,227,2,269,4074,1211,3229,836,2401,2875,5276,704,12,13,11,21,647,1445.5,351625
"94213",25025050700,2128,434500,2052,0.366573033707865,54899,96111,2699,122,10,122,1268,259,3270,991,2350,2170,4520,356,24,23,24,24,261,1918,310375
"95156",25025000101,2134,607500,2592,0.347222222222222,125357,116406,183,274,7,83,1211,130,1593,153,967,909,1876,108,3,9,8,13,75,2328.5,316000
"95240",25025000101,2129,607500,2592,0.347222222222222,125357,116406,183,274,7,83,1211,130,1593,153,967,909,1876,108,3,9,8,13,75,2328.5,316000
"95325",25025000101,2135,607500,2592,0.347222222222222,125357,116406,183,274,7,83,1211,130,1593,153,967,909,1876,108,3,9,8,13,75,2328.5,316000
"95455",25025061203,2127,715000,1700,0.439265536723164,215698,250001,181,369,0,70,1973,331,2127,228,1327,1359,2686,708,8,13,27,38,622,1182.5,417000
"96803",25025010702,2116,1202300,2131,0.438709677419355,122163,197321,157,154,4,52,1856,460,1706,162,1095,1233,2328,775,16,25,10,44,680,1145,0
"97907",25025010702,2114,1202300,2131,0.438709677419355,122163,197321,157,154,4,52,1856,460,1706,162,1095,1233,2328,775,16,25,10,44,680,1145,0
"98386",25025010702,2112,1202300,2131,0.438709677419355,122163,197321,157,154,4,52,1856,460,1706,162,1095,1233,2328,775,16,25,10,44,680,1145,0
"98701",25025100800,2124,411000,2146,0.437904269081501,45718,144542,498,802,3,1050,3089,1060,3806,925,2817,2974,5791,773,18,16,17,45,677,1364,3e+05
"98724",25025100800,2122,411000,2146,0.437904269081501,45718,144542,498,802,3,1050,3089,1060,3806,925,2817,2974,5791,773,18,16,17,45,677,1364,3e+05
"98839",25025100800,2130,411000,2146,0.437904269081501,45718,144542,498,802,3,1050,3089,1060,3806,925,2817,2974,5791,773,18,16,17,45,677,1364,3e+05
"98952",25025100800,2125,411000,2146,0.437904269081501,45718,144542,498,802,3,1050,3089,1060,3806,925,2817,2974,5791,773,18,16,17,45,677,1364,3e+05
"99040",25025100800,2121,411000,2146,0.437904269081501,45718,144542,498,802,3,1050,3089,1060,3806,925,2817,2974,5791,773,18,16,17,45,677,1364,3e+05
"100507",25025040801,2129,550000,2477,0.448698315467075,54678,169375,725,703,7,393,2045,676,2673,687,1810,2226,4036,653,7,11,11,38,586,944,306000
"102218",25025000506,2135,355000,2536,0.40922619047619,59448,156563,207,477,6,75,2000,401,2371,123,1366,1529,2895,336,7,7,18,29,275,701,158437.5
"102548",25025000506,2134,355000,2536,0.40922619047619,59448,156563,207,477,6,75,2000,401,2371,123,1366,1529,2895,336,7,7,18,29,275,701,158437.5
"103187",25025030100,2113,534000,2300,0.462,101315,103224,101,85,0,26,1842,207,1816,92,956,1159,2115,250,0,3,5,11,231,715,344000
"103190",25025030100,2109,534000,2300,0.462,101315,103224,101,85,0,26,1842,207,1816,92,956,1159,2115,250,0,3,5,11,231,715,344000
"103224",25025030100,2114,534000,2300,0.462,101315,103224,101,85,0,26,1842,207,1816,92,956,1159,2115,250,0,3,5,11,231,715,344000
"103778",25025030100,2110,534000,2300,0.462,101315,103224,101,85,0,26,1842,207,1816,92,956,1159,2115,250,0,3,5,11,231,715,344000
"103802",25025070202,2111,633500,2546,0.431506849315068,38854,0,383,3107,2,186,1608,594,4260,606,2681,2779,5460,146,3,3,7,7,126,1028,0
"103808",25025070202,2116,633500,2546,0.431506849315068,38854,0,383,3107,2,186,1608,594,4260,606,2681,2779,5460,146,3,3,7,7,126,1028,0
"103812",25025070202,2129,633500,2546,0.431506849315068,38854,0,383,3107,2,186,1608,594,4260,606,2681,2779,5460,146,3,3,7,7,126,1028,0
"104189",25025010205,2215,392500,2674,0.381720430107527,50732,88983,417,1667,7,217,2343,326,4320,260,2452,2454,4906,186,8,9,19,8,142,575.5,0
"104365",25025010205,2116,392500,2674,0.381720430107527,50732,88983,417,1667,7,217,2343,326,4320,260,2452,2454,4906,186,8,9,19,8,142,575.5,0
"104825",25025081900,2121,421500,1763.5,0.320224719101124,30549,221376,1284,33,6,1983,127,437,2301,933,1627,2044,3671,178,27,9,13,15,114,3335,340190
"104833",25025081900,2119,421500,1763.5,0.320224719101124,30549,221376,1284,33,6,1983,127,437,2301,933,1627,2044,3671,178,27,9,13,15,114,3335,340190
"105103",25025081900,2125,421500,1763.5,0.320224719101124,30549,221376,1284,33,6,1983,127,437,2301,933,1627,2044,3671,178,27,9,13,15,114,3335,340190
"105262",25025090700,2125,475000,2038,0.404424778761062,73325,0,449,824,13,282,2858,550,3654,469,2471,2202,4673,565,35,26,15,32,457,1244,351000
"105725",25025090700,2124,475000,2038,0.404424778761062,73325,0,449,824,13,282,2858,550,3654,469,2471,2202,4673,565,35,26,15,32,457,1244,351000
"106425",25025090700,2127,475000,2038,0.404424778761062,73325,0,449,824,13,282,2858,550,3654,469,2471,2202,4673,565,35,26,15,32,457,1244,351000
"106589",25025100100,2124,350000,1807.5,0.329721362229102,30703,0,1843,64,18,3209,151,695,3306,1721,2489,3233,5722,323,28,21,36,25,213,2499,288750
"106625",25025100100,2126,350000,1807.5,0.329721362229102,30703,0,1843,64,18,3209,151,695,3306,1721,2489,3233,5722,323,28,21,36,25,213,2499,288750
"107219",25025100100,2122,350000,1807.5,0.329721362229102,30703,0,1843,64,18,3209,151,695,3306,1721,2489,3233,5722,323,28,21,36,25,213,2499,288750
"107440",25025110201,2131,322000,3075,0.414893617021277,41382,95938,831,65,0,735,339,297,1328,466,923,1168,2091,141,9,5,7,3,117,1274,267720
"107843",25025030400,2109,637500,2260,0.444617784711388,90272,155893,233,171,6,69,3511,575,3337,248,1909,2251,4160,641,6,13,20,32,570,866,352000
"107846",25025030400,2113,637500,2260,0.444617784711388,90272,155893,233,171,6,69,3511,575,3337,248,1909,2251,4160,641,6,13,20,32,570,866,352000
"107874",25025030400,2110,637500,2260,0.444617784711388,90272,155893,233,171,6,69,3511,575,3337,248,1909,2251,4160,641,6,13,20,32,570,866,352000
"108408",25025030400,2115,637500,2260,0.444617784711388,90272,155893,233,171,6,69,3511,575,3337,248,1909,2251,4160,641,6,13,20,32,570,866,352000
"108685",25025030400,2128,637500,2260,0.444617784711388,90272,155893,233,171,6,69,3511,575,3337,248,1909,2251,4160,641,6,13,20,32,570,866,352000
"109400",25025100400,2124,4e+05,1814,0.384012539184953,33750,120528,742,351,12,2749,768,849,3253,966,2327,2741,5068,319,27,11,22,14,245,2238,316761
"110361",25025130402,2132,417100,2184,0.426002766251729,29868,144433,513,426,6,298,3394,891,3132,810,2371,2462,4833,723,29,9,24,45,616,1350,324000
"110884",25025130402,2131,417100,2184,0.426002766251729,29868,144433,513,426,6,298,3394,891,3132,810,2371,2462,4833,723,29,9,24,45,616,1350,324000
"111944",25025130402,232,417100,2184,0.426002766251729,29868,144433,513,426,6,298,3394,891,3132,810,2371,2462,4833,723,29,9,24,45,616,1350,324000
"112029",25025010206,2215,277000,2360,0.3,66013,0,223,749,0,50,1040,112,1963,79,1074,1080,2154,185,37,13,15,9,111,530,0
"112084",25025010206,2115,277000,2360,0.3,66013,0,223,749,0,50,1040,112,1963,79,1074,1080,2154,185,37,13,15,9,111,530,0
"112500",25025000301,2135,505000,2507,0.40273556231003,133000,109484,265,403,0,120,2218,355,2517,264,1534,1602,3136,329,7,17,11,29,265,1408,320000
"112727",25025000301,2458,505000,2507,0.40273556231003,133000,109484,265,403,0,120,2218,355,2517,264,1534,1602,3136,329,7,17,11,29,265,1408,320000
"113235",25025060301,2127,559000,1936.5,0.443742098609355,174375,146290,89,45,0,32,3368,452,2826,331,1660,1949,3609,791,14,9,25,41,702,1115,388000
"113242",25025060301,2210,559000,1936.5,0.443742098609355,174375,146290,89,45,0,32,3368,452,2826,331,1660,1949,3609,791,14,9,25,41,702,1115,388000
"113333",25025060301,2124,559000,1936.5,0.443742098609355,174375,146290,89,45,0,32,3368,452,2826,331,1660,1949,3609,791,14,9,25,41,702,1115,388000
"113660",25025060301,2494,559000,1936.5,0.443742098609355,174375,146290,89,45,0,32,3368,452,2826,331,1660,1949,3609,791,14,9,25,41,702,1115,388000
"114884",25025010701,2115,1200000,2114,0.421331316187595,128407,224432,161,240,0,53,1963,275,2130,138,1266,1277,2543,661,9,41,25,29,557,1128,0
"114886",25025010701,2116,1200000,2114,0.421331316187595,128407,224432,161,240,0,53,1963,275,2130,138,1266,1277,2543,661,9,41,25,29,557,1128,0
"114992",25025010701,2199,1200000,2114,0.421331316187595,128407,224432,161,240,0,53,1963,275,2130,138,1266,1277,2543,661,9,41,25,29,557,1128,0
"116507",25025000402,2135,520000,2537,0.428358208955224,88654,153125,220,610,4,93,2526,325,2893,426,1909,1735,3644,335,5,8,14,21,287,1266,275000
"117405",25025080500,2118,712000,2161.5,0.376237623762376,38625,0,1372,255,0,1234,308,415,2043,830,1455,1833,3288,101,8,8,6,3,76,1233,449000
"117406",25025080500,2120,712000,2161.5,0.376237623762376,38625,0,1372,255,0,1234,308,415,2043,830,1455,1833,3288,101,8,8,6,3,76,1233,449000
"117512",25025080500,2119,712000,2161.5,0.376237623762376,38625,0,1372,255,0,1234,308,415,2043,830,1455,1833,3288,101,8,8,6,3,76,1233,449000
"117682",25025090100,2121,375000,1405,0.345454545454545,31077,123854,1637,61,41,2930,133,656,3112,1403,2302,2869,5171,275,34,16,19,16,190,3489,3e+05
"117757",25025090100,2124,375000,1405,0.345454545454545,31077,123854,1637,61,41,2930,133,656,3112,1403,2302,2869,5171,275,34,16,19,16,190,3489,3e+05
"118126",25025090100,2122,375000,1405,0.345454545454545,31077,123854,1637,61,41,2930,133,656,3112,1403,2302,2869,5171,275,34,16,19,16,190,3489,3e+05
"118252",25025090100,2125,375000,1405,0.345454545454545,31077,123854,1637,61,41,2930,133,656,3112,1403,2302,2869,5171,275,34,16,19,16,190,3489,3e+05
"118462",25025060800,2127,5e+05,1973,0.435521235521236,142742,178269,233,247,11,45,4201,357,4145,357,2365,2494,4859,1295,16,32,61,58,1128,972,372000
"119317",25025060800,2124,5e+05,1973,0.435521235521236,142742,178269,233,247,11,45,4201,357,4145,357,2365,2494,4859,1295,16,32,61,58,1128,972,372000
"121492",25025071101,2118,662500,1934,0.434362934362934,56615,114536,547,679,16,596,2077,542,3202,367,2051,2060,4111,777,22,14,35,31,675,902,380000
"121511",25025071101,2115,662500,1934,0.434362934362934,56615,114536,547,679,16,596,2077,542,3202,367,2051,2060,4111,777,22,14,35,31,675,902,380000
"121514",25025071101,2119,662500,1934,0.434362934362934,56615,114536,547,679,16,596,2077,542,3202,367,2051,2060,4111,777,22,14,35,31,675,902,380000
"121938",25025071101,2116,662500,1934,0.434362934362934,56615,114536,547,679,16,596,2077,542,3202,367,2051,2060,4111,777,22,14,35,31,675,902,380000
"121989",25025071101,2124,662500,1934,0.434362934362934,56615,114536,547,679,16,596,2077,542,3202,367,2051,2060,4111,777,22,14,35,31,675,902,380000
"122437",25025071101,2201,662500,1934,0.434362934362934,56615,114536,547,679,16,596,2077,542,3202,367,2051,2060,4111,777,22,14,35,31,675,902,380000
"122965",25025071101,2120,662500,1934,0.434362934362934,56615,114536,547,679,16,596,2077,542,3202,367,2051,2060,4111,777,22,14,35,31,675,902,380000
"123229",25025060101,2127,599000,1777,0.434782608695652,138636,174464,128,55,2,15,3400,397,2917,359,1711,1962,3673,759,9,12,22,56,660,1152,407250
"124364",25025060101,2128,599000,1777,0.434782608695652,138636,174464,128,55,2,15,3400,397,2917,359,1711,1962,3673,759,9,12,22,56,660,1152,407250
"124870",25025070201,2116,1170000,1277,0.454128440366972,39288,224250,261,1264,0,179,2230,775,3084,131,1705,2285,3990,218,0,4,4,12,198,1208.5,0
"124929",25025070201,2111,1170000,1277,0.454128440366972,39288,224250,261,1264,0,179,2230,775,3084,131,1705,2285,3990,218,0,4,4,12,198,1208.5,0
"125204",25025130404,2132,375000,2555,0.41527446300716,53902,123333,445,304,2,381,1829,662,1879,532,1428,1645,3073,419,22,12,17,20,348,1296,258000
"125407",25025130404,2131,375000,2555,0.41527446300716,53902,123333,445,304,2,381,1829,662,1879,532,1428,1645,3073,419,22,12,17,20,348,1296,258000
"125569",25025130404,2136,375000,2555,0.41527446300716,53902,123333,445,304,2,381,1829,662,1879,532,1428,1645,3073,419,22,12,17,20,348,1296,258000
"126258",25025081001,2120,585000,2275,0.365800865800866,35526,84000,1064,1744,7,639,1955,695,4271,729,2667,3028,5695,231,34,8,8,12,169,1204,322576
"126287",25025081001,2115,585000,2275,0.365800865800866,35526,84000,1064,1744,7,639,1955,695,4271,729,2667,3028,5695,231,34,8,8,12,169,1204,322576
"126394",25025081001,2205,585000,2275,0.365800865800866,35526,84000,1064,1744,7,639,1955,695,4271,729,2667,3028,5695,231,34,8,8,12,169,1204,322576
"126424",25025081001,2119,585000,2275,0.365800865800866,35526,84000,1064,1744,7,639,1955,695,4271,729,2667,3028,5695,231,34,8,8,12,169,1204,322576
"126542",25025081001,2215,585000,2275,0.365800865800866,35526,84000,1064,1744,7,639,1955,695,4271,729,2667,3028,5695,231,34,8,8,12,169,1204,322576
"126888",25025071201,2118,799500,2006,0.464460784313726,41179,170539,809,497,4,593,1452,495,2455,564,1757,1757,3514,408,4,3,9,13,379,1122,4e+05
"126890",25025071201,2024,799500,2006,0.464460784313726,41179,170539,809,497,4,593,1452,495,2455,564,1757,1757,3514,408,4,3,9,13,379,1122,4e+05
"126933",25025071201,2116,799500,2006,0.464460784313726,41179,170539,809,497,4,593,1452,495,2455,564,1757,1757,3514,408,4,3,9,13,379,1122,4e+05
"127219",25025071201,2119,799500,2006,0.464460784313726,41179,170539,809,497,4,593,1452,495,2455,564,1757,1757,3514,408,4,3,9,13,379,1122,4e+05
"127759",25025101002,2126,337000,1571,0.351626016260163,44344,113654,1205,53,19,3852,195,1024,3389,1299,2438,3274,5712,246,41,6,13,13,173,1836,289925
"128437",25025010404,2115,555000,2411,0.36518771331058,23304,107321,535,1247,0,394,3291,151,5458,138,2712,3035,5747,293,15,24,13,27,214,825,0
"128483",25025010404,2118,555000,2411,0.36518771331058,23304,107321,535,1247,0,394,3291,151,5458,138,2712,3035,5747,293,15,24,13,27,214,825,0
"128901",25025010404,2024,555000,2411,0.36518771331058,23304,107321,535,1247,0,394,3291,151,5458,138,2712,3035,5747,293,15,24,13,27,214,825,0
"129383",25025130200,2132,555000,2001,0.44724025974026,79152,169297,308,294,1,156,3763,1000,2821,887,2218,2490,4708,616,14,10,25,16,551,1756,392385
"130802",25025060200,2127,595000,1770,0.449656750572082,142115,128333,81,29,1,7,2149,210,1913,205,1116,1212,2328,437,5,8,10,21,393,1133,417000
"131695",25025010300,2215,350000,2429.5,0.354545454545455,55469,0,486,608,4,329,3584,66,5076,44,1837,3349,5186,55,7,2,3,4,39,537,0
"131704",25025010300,2115,350000,2429.5,0.354545454545455,55469,0,486,608,4,329,3584,66,5076,44,1837,3349,5186,55,7,2,3,4,39,537,0
"131924",25025000703,2134,415000,2830,0.308219178082192,43533,46193,248,726,3,99,1250,64,2296,82,1161,1281,2442,73,1,8,12,7,45,1070,0
"132161",25025100603,2122,396500,2076.5,0.40989847715736,90208,136750,148,289,4,226,1391,247,1561,364,1051,1121,2172,394,15,9,19,28,323,1311,316532.5
"132920",25025100603,2124,396500,2076.5,0.40989847715736,90208,136750,148,289,4,226,1391,247,1561,364,1051,1121,2172,394,15,9,19,28,323,1311,316532.5
"133086",25025092000,2124,394900,1885,0.334983498349835,55313,101016,1225,651,10,2218,403,659,3333,1188,2448,2732,5180,303,34,17,27,22,203,3075,318750
"133087",25025092000,2122,394900,1885,0.334983498349835,55313,101016,1225,651,10,2218,403,659,3333,1188,2448,2732,5180,303,34,17,27,22,203,3075,318750
"133131",25025092000,2121,394900,1885,0.334983498349835,55313,101016,1225,651,10,2218,403,659,3333,1188,2448,2732,5180,303,34,17,27,22,203,3075,318750
"133275",25025092000,2118,394900,1885,0.334983498349835,55313,101016,1225,651,10,2218,403,659,3333,1188,2448,2732,5180,303,34,17,27,22,203,3075,318750
"133397",25025092000,2125,394900,1885,0.334983498349835,55313,101016,1225,651,10,2218,403,659,3333,1188,2448,2732,5180,303,34,17,27,22,203,3075,318750
"134034",25025070501,2118,985000,1898,0.461474036850921,0,202500,197,272,5,58,1621,274,1701,248,1145,1078,2223,597,4,6,10,26,551,1189,504900
"134048",25025070501,2116,985000,1898,0.461474036850921,0,202500,197,272,5,58,1621,274,1701,248,1145,1078,2223,597,4,6,10,26,551,1189,504900
"135463",25025091300,2125,430000,2055,0.240932642487047,19158,91250,568,109,2,716,297,298,1692,636,1294,1332,2626,193,37,20,25,18,93,1576,292500
"135486",25025091300,2119,430000,2055,0.240932642487047,19158,91250,568,109,2,716,297,298,1692,636,1294,1332,2626,193,37,20,25,18,93,1576,292500
"135983",25025120500,2130,560000,2117,0.41864406779661,68681,222848,916,209,1,265,923,231,1835,357,1125,1298,2423,295,7,3,17,21,247,1296,395100
"136684",25025010403,2215,417800,2087,0.41304347826087,35048,0,332,859,1,246,1571,486,2555,138,1582,1597,3179,230,6,9,8,17,190,548.5,0
"136685",25025010403,2115,417800,2087,0.41304347826087,35048,0,332,859,1,246,1571,486,2555,138,1582,1597,3179,230,6,9,8,17,190,548.5,0
"136708",25025010403,2116,417800,2087,0.41304347826087,35048,0,332,859,1,246,1571,486,2555,138,1582,1597,3179,230,6,9,8,17,190,548.5,0
"137310",25025092200,2124,455000,2762,0.374517374517374,53992,129811,545,665,19,1255,751,522,2365,715,1767,1835,3602,259,19,12,17,17,194,2595,325000
"137320",25025092200,2122,455000,2762,0.374517374517374,53992,129811,545,665,19,1255,751,522,2365,715,1767,1835,3602,259,19,12,17,17,194,2595,325000
"137536",25025092200,2125,455000,2762,0.374517374517374,53992,129811,545,665,19,1255,751,522,2365,715,1767,1835,3602,259,19,12,17,17,194,2595,325000
"138105",25025091500,2122,4e+05,1847,0.387173396674584,41989,82950,1083,270,1,1292,621,531,2978,1079,2175,2413,4588,421,26,19,17,33,326,1506,303050
"138109",25025091500,2125,4e+05,1847,0.387173396674584,41989,82950,1083,270,1,1292,621,531,2978,1079,2175,2413,4588,421,26,19,17,33,326,1506,303050
"138150",25025091500,2124,4e+05,1847,0.387173396674584,41989,82950,1083,270,1,1292,621,531,2978,1079,2175,2413,4588,421,26,19,17,33,326,1506,303050
"139248",25025091900,2121,349000,1266,0.336431226765799,41510,99958,1089,62,15,2449,143,436,2736,1106,1952,2326,4278,269,33,14,26,15,181,2520,225000
"139250",25025091900,2122,349000,1266,0.336431226765799,41510,99958,1089,62,15,2449,143,436,2736,1106,1952,2326,4278,269,33,14,26,15,181,2520,225000
"139252",25025091900,2125,349000,1266,0.336431226765799,41510,99958,1089,62,15,2449,143,436,2736,1106,1952,2326,4278,269,33,14,26,15,181,2520,225000
"139273",25025091900,2124,349000,1266,0.336431226765799,41510,99958,1089,62,15,2449,143,436,2736,1106,1952,2326,4278,269,33,14,26,15,181,2520,225000
"139969",25025140400,2136,260000,1938.5,0.402142857142857,33925,97500,1660,124,14,5164,493,1525,4813,1521,3603,4256,7859,700,78,16,17,26,563,1324,202155
"139972",25025140400,2126,260000,1938.5,0.402142857142857,33925,97500,1660,124,14,5164,493,1525,4813,1521,3603,4256,7859,700,78,16,17,26,563,1324,202155
"139979",25025140400,2131,260000,1938.5,0.402142857142857,33925,97500,1660,124,14,5164,493,1525,4813,1521,3603,4256,7859,700,78,16,17,26,563,1324,202155
"140943",25025140400,2130,260000,1938.5,0.402142857142857,33925,97500,1660,124,14,5164,493,1525,4813,1521,3603,4256,7859,700,78,16,17,26,563,1324,202155
"141875",25025000503,2135,301500,2554.5,0.391812865497076,83712,93618,212,381,7,82,1621,195,2145,78,1092,1326,2418,342,6,16,18,34,268,620,0
"142860",25025000806,2134,875000,2546.5,0.3,68333,0,208,530,0,150,949,40,1804,128,1031,941,1972,10,2,1,1,0,6,1943,461998.5
"142884",25025000202,2135,645000,2180,0.411522633744856,79573,115078,778,536,1,221,2394,423,3097,628,2065,2083,4148,243,8,10,13,12,200,2184,375000
"143010",25025000202,2136,645000,2180,0.411522633744856,79573,115078,778,536,1,221,2394,423,3097,628,2065,2083,4148,243,8,10,13,12,200,2184,375000
"143428",25025000202,2125,645000,2180,0.411522633744856,79573,115078,778,536,1,221,2394,423,3097,628,2065,2083,4148,243,8,10,13,12,200,2184,375000
"143441",25025091800,2125,380649.5,1569.5,0.321138211382114,0,73073,915,121,8,1567,195,444,2340,934,1748,1970,3718,246,19,25,28,16,158,2811,263504.5
"143443",25025091800,2121,380649.5,1569.5,0.321138211382114,0,73073,915,121,8,1567,195,444,2340,934,1748,1970,3718,246,19,25,28,16,158,2811,263504.5
"143444",25025091800,2122,380649.5,1569.5,0.321138211382114,0,73073,915,121,8,1567,195,444,2340,934,1748,1970,3718,246,19,25,28,16,158,2811,263504.5
"143481",25025091800,2124,380649.5,1569.5,0.321138211382114,0,73073,915,121,8,1567,195,444,2340,934,1748,1970,3718,246,19,25,28,16,158,2811,263504.5
"144214",25025101102,2126,378750,1494,0.353395061728395,41793,73264,874,17,13,3541,59,569,2869,1328,2129,2637,4766,324,38,25,15,17,229,3009,286502.5
"144225",25025101102,2127,378750,1494,0.353395061728395,41793,73264,874,17,13,3541,59,569,2869,1328,2129,2637,4766,324,38,25,15,17,229,3009,286502.5
"145094",25025051000,2128,435000,2185,0.394984326018809,59446,90536,1907,154,2,128,1906,566,2942,809,2056,2261,4317,319,26,5,15,21,252,1890,318155
"145831",25025100200,2124,335077,1040.5,0.297297297297297,30491,71667,621,33,9,1963,46,338,1795,786,1274,1645,2919,222,32,27,16,15,132,2369.5,272464
"145867",25025100200,2126,335077,1040.5,0.297297297297297,30491,71667,621,33,9,1963,46,338,1795,786,1274,1645,2919,222,32,27,16,15,132,2369.5,272464
"145966",25025100200,2125,335077,1040.5,0.297297297297297,30491,71667,621,33,9,1963,46,338,1795,786,1274,1645,2919,222,32,27,16,15,132,2369.5,272464
"146519",25025030302,2108,850000,2282,0.442953020134228,127553,0,157,195,2,103,1300,181,1564,99,1032,812,1844,149,2,0,6,9,132,1410,0
"146521",25025030302,2109,850000,2282,0.442953020134228,127553,0,157,195,2,103,1300,181,1564,99,1032,812,1844,149,2,0,6,9,132,1410,0
"146532",25025030302,2129,850000,2282,0.442953020134228,127553,0,157,195,2,103,1300,181,1564,99,1032,812,1844,149,2,0,6,9,132,1410,0
"146534",25025030302,2114,850000,2282,0.442953020134228,127553,0,157,195,2,103,1300,181,1564,99,1032,812,1844,149,2,0,6,9,132,1410,0
"146559",25025030302,2118,850000,2282,0.442953020134228,127553,0,157,195,2,103,1300,181,1564,99,1032,812,1844,149,2,0,6,9,132,1410,0
"146610",25025030302,2113,850000,2282,0.442953020134228,127553,0,157,195,2,103,1300,181,1564,99,1032,812,1844,149,2,0,6,9,132,1410,0
"146934",25025130300,2132,562000,2394,0.449748743718593,94904,148636,322,304,3,165,3543,861,2708,927,2116,2380,4496,597,13,8,19,20,537,1808,417000
"148381",25025040100,2129,699000,2274.5,0.453396524486572,79125,250001,99,94,3,17,2051,433,1590,337,1117,1243,2360,633,6,5,17,31,574,1117,417000
"148426",25025040100,2130,699000,2274.5,0.453396524486572,79125,250001,99,94,3,17,2051,433,1590,337,1117,1243,2360,633,6,5,17,31,574,1117,417000
"150064",25025010104,2215,601250,2430,0.419329073482428,55046,122097,533,962,19,184,3135,418,4528,117,2247,2816,5063,626,10,15,29,47,525,756,0
"150067",25025010104,2115,601250,2430,0.419329073482428,55046,122097,533,962,19,184,3135,418,4528,117,2247,2816,5063,626,10,15,29,47,525,756,0
"151387",25025010104,2205,601250,2430,0.419329073482428,55046,122097,533,962,19,184,3135,418,4528,117,2247,2816,5063,626,10,15,29,47,525,756,0
"151779",25025070700,2116,971500,2082,0.446428571428571,84125,250001,239,265,10,486,1372,393,1773,361,1215,1312,2527,420,0,3,21,21,375,1101.5,465750
"151781",25025070700,2118,971500,2082,0.446428571428571,84125,250001,239,265,10,486,1372,393,1773,361,1215,1312,2527,420,0,3,21,21,375,1101.5,465750
"152823",25025070700,2110,971500,2082,0.446428571428571,84125,250001,239,265,10,486,1372,393,1773,361,1215,1312,2527,420,0,3,21,21,375,1101.5,465750
"152890",25025070502,2118,882000,1874.5,0.46588693957115,16162,240990,865,629,3,254,1544,543,2364,486,1635,1758,3393,513,2,6,6,21,478,957,465750
"153240",25025070502,2116,882000,1874.5,0.46588693957115,16162,240990,865,629,3,254,1544,543,2364,486,1635,1758,3393,513,2,6,6,21,478,957,465750
"154126",25025070902,2118,735000,1986,0.451492537313433,53226,250001,398,239,2,331,1203,228,1779,293,1142,1158,2300,536,10,5,13,24,484,938,417000
"154215",25025070902,2116,735000,1986,0.451492537313433,53226,250001,398,239,2,331,1203,228,1779,293,1142,1158,2300,536,10,5,13,24,484,938,417000
"155414",25025070802,2118,819000,2050,0.424778761061947,65238,107772,266,218,6,363,1702,262,2142,281,1354,1331,2685,565,9,43,13,20,480,972,464000
"155460",25025070802,2115,819000,2050,0.424778761061947,65238,107772,266,218,6,363,1702,262,2142,281,1354,1331,2685,565,9,43,13,20,480,972,464000
"155653",25025070802,2116,819000,2050,0.424778761061947,65238,107772,266,218,6,363,1702,262,2142,281,1354,1331,2685,565,9,43,13,20,480,972,464000
"156816",25025000701,2134,357000,2723,0.399686520376176,70897,90361,419,1045,3,145,2644,210,4109,198,2151,2366,4517,319,3,15,16,30,255,802,0
"156821",25025000701,2135,357000,2723,0.399686520376176,70897,90361,419,1045,3,145,2644,210,4109,198,2151,2366,4517,319,3,15,16,30,255,802,0
"157825",25025080801,2120,1230000,1218,0.384615384615385,28295,0,1414,533,9,940,1238,340,3271,671,1963,2319,4282,13,2,0,1,0,10,3017,795000
"157826",25025080801,2119,1230000,1218,0.384615384615385,28295,0,1414,533,9,940,1238,340,3271,671,1963,2319,4282,13,2,0,1,0,10,3017,795000
"157838",25025080801,2115,1230000,1218,0.384615384615385,28295,0,1414,533,9,940,1238,340,3271,671,1963,2319,4282,13,2,0,1,0,10,3017,795000
"157859",25025110502,2131,424500,2102.5,0.429126213592233,96326,111648,918,131,8,556,2178,621,2651,728,1908,2092,4000,515,22,8,18,25,442,1410,310000
"158010",25025110502,2132,424500,2102.5,0.429126213592233,96326,111648,918,131,8,556,2178,621,2651,728,1908,2092,4000,515,22,8,18,25,442,1410,310000
"158207",25025110502,2130,424500,2102.5,0.429126213592233,96326,111648,918,131,8,556,2178,621,2651,728,1908,2092,4000,515,22,8,18,25,442,1410,310000
"158705",25025110502,2108,424500,2102.5,0.429126213592233,96326,111648,918,131,8,556,2178,621,2651,728,1908,2092,4000,515,22,8,18,25,442,1410,310000
"159162",25025110301,2131,407000,2254,0.436708860759494,73906,92885,664,74,1,607,1022,375,1676,449,1168,1332,2500,316,14,11,7,8,276,1214.5,277800
"159163",25025110301,2130,407000,2254,0.436708860759494,73906,92885,664,74,1,607,1022,375,1676,449,1168,1332,2500,316,14,11,7,8,276,1214.5,277800
"160014",25025120105,2119,710000,2540,0.446308724832215,0,170078,173,148,5,120,1896,783,1300,409,1093,1399,2492,447,8,6,12,22,399,1810,4e+05
"160015",25025120105,2130,710000,2540,0.446308724832215,0,170078,173,148,5,120,1896,783,1300,409,1093,1399,2492,447,8,6,12,22,399,1810,4e+05
"160036",25025120105,2467,710000,2540,0.446308724832215,0,170078,173,148,5,120,1896,783,1300,409,1093,1399,2492,447,8,6,12,22,399,1810,4e+05
"160046",25025120105,2132,710000,2540,0.446308724832215,0,170078,173,148,5,120,1896,783,1300,409,1093,1399,2492,447,8,6,12,22,399,1810,4e+05
"161166",25025010204,2215,580000,2343.5,0.417874396135266,55714,0,265,1097,0,168,1690,66,3280,97,1527,1916,3443,207,5,4,9,16,173,932,210000
"161313",25025010204,2210,580000,2343.5,0.417874396135266,55714,0,265,1097,0,168,1690,66,3280,97,1527,1916,3443,207,5,4,9,16,173,932,210000
"161689",25025010204,2115,580000,2343.5,0.417874396135266,55714,0,265,1097,0,168,1690,66,3280,97,1527,1916,3443,207,5,4,9,16,173,932,210000
"161761",25025081800,2119,335000,1311.5,0.317543859649123,17802,78318,1084,46,5,1923,256,430,2324,813,1666,1901,3567,285,30,22,27,25,181,2436,260310
"161770",25025081800,2116,335000,1311.5,0.317543859649123,17802,78318,1084,46,5,1923,256,430,2324,813,1666,1901,3567,285,30,22,27,25,181,2436,260310
"161798",25025081800,2121,335000,1311.5,0.317543859649123,17802,78318,1084,46,5,1923,256,430,2324,813,1666,1901,3567,285,30,22,27,25,181,2436,260310
"161916",25025081800,2171,335000,1311.5,0.317543859649123,17802,78318,1084,46,5,1923,256,430,2324,813,1666,1901,3567,285,30,22,27,25,181,2436,260310
"162246",25025081800,2125,335000,1311.5,0.317543859649123,17802,78318,1084,46,5,1923,256,430,2324,813,1666,1901,3567,285,30,22,27,25,181,2436,260310
"162508",25025120700,2130,490000,2445,0.448275862068966,87708,150016,283,301,1,171,1271,345,1582,212,1016,1123,2139,261,9,4,7,7,234,1080,344000
"162511",25025120700,2115,490000,2445,0.448275862068966,87708,150016,283,301,1,171,1271,345,1582,212,1016,1123,2139,261,9,4,7,7,234,1080,344000
"163242",25025000505,2135,390000,2622,0.418604651162791,41125,165536,243,328,0,142,1383,434,1645,117,904,1292,2196,258,4,9,12,17,216,812.5,0
"163265",25025000505,2446,390000,2622,0.418604651162791,41125,165536,243,328,0,142,1383,434,1645,117,904,1292,2196,258,4,9,12,17,216,812.5,0
"163383",25025000505,2134,390000,2622,0.418604651162791,41125,165536,243,328,0,142,1383,434,1645,117,904,1292,2196,258,4,9,12,17,216,812.5,0
"163963",25025060601,2127,535000,1905.5,0.451859956236324,122241,250001,86,150,1,44,1661,138,1718,150,1032,974,2006,457,8,5,8,23,413,1045,384000
"165014",25025020301,2114,439500,2361,0.424479166666667,121029,80833,143,581,0,60,1288,453,1570,143,1072,1094,2166,192,3,3,8,15,163,737,0
"165578",25025120600,2130,550000,1895.5,0.463611859838275,119221,180588,284,153,4,118,1852,224,1994,348,1162,1404,2566,371,6,4,8,9,344,1250,380000
"166462",25025081302,2119,431000,2733,0.281914893617021,24597,0,1415,65,9,1186,255,510,1866,704,1364,1716,3080,94,8,14,12,7,53,1281,366750
"166583",25025081302,2121,431000,2733,0.281914893617021,24597,0,1415,65,9,1186,255,510,1866,704,1364,1716,3080,94,8,14,12,7,53,1281,366750
"166730",25025000601,2135,445000,2378,0.396284829721362,112143,132662,402,686,3,93,2333,379,3038,341,1929,1829,3758,323,14,11,19,23,256,1297,232500
"166740",25025000601,2134,445000,2378,0.396284829721362,112143,132662,402,686,3,93,2333,379,3038,341,1929,1829,3758,323,14,11,19,23,256,1297,232500
"166793",25025000601,2136,445000,2378,0.396284829721362,112143,132662,402,686,3,93,2333,379,3038,341,1929,1829,3758,323,14,11,19,23,256,1297,232500
"167574",25025000502,2135,380000,2572,0.413507109004739,70417,140268,531,690,27,343,5158,525,6219,242,3291,3695,6986,422,7,14,24,28,349,797,0
"167580",25025000502,2467,380000,2572,0.413507109004739,70417,140268,531,690,27,343,5158,525,6219,242,3291,3695,6986,422,7,14,24,28,349,797,0
"167918",25025000502,2215,380000,2572,0.413507109004739,70417,140268,531,690,27,343,5158,525,6219,242,3291,3695,6986,422,7,14,24,28,349,797,0
"168347",25025000502,2134,380000,2572,0.413507109004739,70417,140268,531,690,27,343,5158,525,6219,242,3291,3695,6986,422,7,14,24,28,349,797,0
"168777",25025091400,2125,350000,2477,0.349593495934959,24050,78611,910,33,15,1205,201,362,1865,659,1371,1515,2886,123,18,2,10,7,86,2244,259841
"168813",25025091400,2121,350000,2477,0.349593495934959,24050,78611,910,33,15,1205,201,362,1865,659,1371,1515,2886,123,18,2,10,7,86,2244,259841
"169199",25025981700,2116,3801500,3009.5,0.371428571428571,0,0,1,0,0,0,1,0,4,0,1,3,4,35,0,2,1,6,26,1632,0
"169203",25025981700,2108,3801500,3009.5,0.371428571428571,0,0,1,0,0,0,1,0,4,0,1,3,4,35,0,2,1,6,26,1632,0
"169279",25025120400,2130,559000,2205,0.466765873015873,87434,182237,598,371,10,348,4349,1015,4269,722,2765,3241,6006,1008,7,11,20,29,941,1209.5,346875
"170615",25025120400,2445,559000,2205,0.466765873015873,87434,182237,598,371,10,348,4349,1015,4269,722,2765,3241,6006,1008,7,11,20,29,941,1209.5,346875
"171736",25025020305,2114,530000,2585,0.460443037974684,127386,125833,277,625,7,167,2376,501,2834,298,1802,1831,3633,316,1,1,11,12,291,871,250050
"172616",25025081101,2130,370500,2559,0.370689655172414,70982,86310,158,299,0,154,806,268,1137,79,655,829,1484,116,8,10,7,5,86,750,215812.5
"172656",25025081101,2115,370500,2559,0.370689655172414,70982,86310,158,299,0,154,806,268,1137,79,655,829,1484,116,8,10,7,5,86,750,215812.5
"172949",25025010103,2215,7250000,NA,0.5,34093,200313,513,942,13,352,2661,36,4631,30,1936,2761,4697,1,0,0,0,0,1,0,5437500
"172952",25025000201,2135,525000,2414,0.397727272727273,99750,125637,422,421,1,138,2712,293,3252,408,1900,2053,3953,264,3,10,23,18,210,2007.5,359860
"173036",25025000201,1135,525000,2414,0.397727272727273,99750,125637,422,421,1,138,2712,293,3252,408,1900,2053,3953,264,3,10,23,18,210,2007.5,359860
"173105",25025000201,2136,525000,2414,0.397727272727273,99750,125637,422,421,1,138,2712,293,3252,408,1900,2053,3953,264,3,10,23,18,210,2007.5,359860
"173621",25025010405,2115,799000,2530,0.197297297297297,17245,0,547,1332,5,683,3793,450,6257,146,3206,3647,6853,185,77,9,17,9,73,425,472000
"173629",25025010405,2215,799000,2530,0.197297297297297,17245,0,547,1332,5,683,3793,450,6257,146,3206,3647,6853,185,77,9,17,9,73,425,472000
"174007",25025070901,2118,668500,2106,0.397321428571429,21250,0,400,113,0,303,291,180,773,212,538,627,1165,112,10,3,6,4,89,1003,373312.5
"174049",25025070901,2115,668500,2106,0.397321428571429,21250,0,400,113,0,303,291,180,773,212,538,627,1165,112,10,3,6,4,89,1003,373312.5
"174252",25025020302,2114,820500,2386,0.420658682634731,109408,186563,100,90,0,42,1007,120,1059,114,639,654,1293,334,5,14,16,18,281,1000,4e+05
"174257",25025020302,2108,820500,2386,0.420658682634731,109408,186563,100,90,0,42,1007,120,1059,114,639,654,1293,334,5,14,16,18,281,1000,4e+05
"174774",25025020302,2126,820500,2386,0.420658682634731,109408,186563,100,90,0,42,1007,120,1059,114,639,654,1293,334,5,14,16,18,281,1000,4e+05
"175118",25025981502,2128,750000,3662,0.384615384615385,0,0,6,0,0,0,0,1,3,3,7,0,7,13,1,0,0,2,10,2244,1
"175119",25025981202,2127,890000,1363,0.484177215189873,0,0,2,0,0,0,1,0,3,3,2,4,6,158,0,0,2,3,153,1482.5,428975
"175266",25025981202,2210,890000,1363,0.484177215189873,0,0,2,0,0,0,1,0,3,3,2,4,6,158,0,0,2,3,153,1482.5,428975
"175379",25025081200,2130,425000,2342,0.387323943661972,18864,133836,1677,156,2,913,577,417,2233,856,1562,1944,3506,142,3,13,9,7,110,1062,310100
"175475",25025081200,2120,425000,2342,0.387323943661972,18864,133836,1677,156,2,913,577,417,2233,856,1562,1944,3506,142,3,13,9,7,110,1062,310100
"175720",25025981800,2215,582500,2371,0.473214285714286,0,0,2,0,0,2,15,4,15,4,16,7,23,56,0,0,0,3,53,1265,0
"175721",25025981800,2130,582500,2371,0.473214285714286,0,0,2,0,0,2,15,4,15,4,16,7,23,56,0,0,0,3,53,1265,0
"175745",25025981800,2129,582500,2371,0.473214285714286,0,0,2,0,0,2,15,4,15,4,16,7,23,56,0,0,0,3,53,1265,0
"175762",25025981800,2115,582500,2371,0.473214285714286,0,0,2,0,0,2,15,4,15,4,16,7,23,56,0,0,0,3,53,1265,0
"175855",25025110104,2131,403000,2805,0.370689655172414,26224,0,1045,55,1,532,433,206,1430,541,983,1194,2177,116,6,9,9,6,86,1245,288225
"176171",25025061101,2127,617500,3751,0.25,12259,0,1127,388,12,518,516,308,1682,720,1184,1526,2710,8,1,0,1,2,4,1982.5,268000
"176192",25025060602,2210,867500,1937,0.46875,104861,0,10,33,2,10,265,12,300,19,188,143,331,48,0,1,0,2,45,1401,402500
"176193",25025060602,2127,867500,1937,0.46875,104861,0,10,33,2,10,265,12,300,19,188,143,331,48,0,1,0,2,45,1401,402500
"176194",25025060602,2110,867500,1937,0.46875,104861,0,10,33,2,10,265,12,300,19,188,143,331,48,0,1,0,2,45,1401,402500
"176282",25025070801,2118,590000,2026,0.427586206896552,0,0,96,142,0,174,571,85,868,103,519,537,1056,145,1,5,10,5,124,901,336750
"176392",25025070801,2115,590000,2026,0.427586206896552,0,0,96,142,0,174,571,85,868,103,519,537,1056,145,1,5,10,5,124,901,336750
"176637",25025120103,2130,796000,2312,0.476890756302521,108472,219375,88,88,0,58,1296,329,1037,276,766,876,1642,238,0,1,1,9,227,1830,456600
"176898",25025120103,2445,796000,2312,0.476890756302521,108472,219375,88,88,0,58,1296,329,1037,276,766,876,1642,238,0,1,1,9,227,1830,456600
"177228",25025980700,2132,205000,2863,0.403225806451613,0,0,2,0,0,0,2,0,4,3,4,3,7,31,1,0,0,5,25,629,152000
"177232",25025980700,2136,205000,2863,0.403225806451613,0,0,2,0,0,0,2,0,4,3,4,3,7,31,1,0,0,5,25,629,152000
"177310",25025040200,2129,739900,1885,0.458974358974359,30455,186838,380,91,4,197,837,185,971,438,708,886,1594,195,2,5,5,4,179,1154,5e+05
"177425",25025040200,2128,739900,1885,0.458974358974359,30455,186838,380,91,4,197,837,185,971,438,708,886,1594,195,2,5,5,4,179,1154,5e+05
"177426",25025040200,2169,739900,1885,0.458974358974359,30455,186838,380,91,4,197,837,185,971,438,708,886,1594,195,2,5,5,4,179,1154,5e+05
"177838",25025130406,2132,370000,1888,0.42382271468144,41418,107708,1379,345,13,2030,1613,848,3289,1502,2389,3250,5639,361,14,9,18,14,306,1426,272000
"178096",25025130406,2136,370000,1888,0.42382271468144,41418,107708,1379,345,13,2030,1613,848,3289,1502,2389,3250,5639,361,14,9,18,14,306,1426,272000
"178640",25025130406,2131,370000,1888,0.42382271468144,41418,107708,1379,345,13,2030,1613,848,3289,1502,2389,3250,5639,361,14,9,18,14,306,1426,272000
"178667",25025000807,2215,4312500,3322.5,0.5,0,0,210,520,0,204,1225,6,2263,13,908,1374,2282,3,0,0,0,0,3,7930,0
"178680",25025981900,2132,8200000,779.5,0.5,0,0,0,0,0,0,0,0,0,0,0,0,0,4,0,0,0,0,4,154376,2437500
"178689",25025140106,2131,445000,1863,0.441176470588235,25326,164444,663,72,3,1000,327,311,1318,549,931,1247,2178,34,1,0,2,1,30,1525,351500
"178777",25025060603,2210,2000450,NA,0.5,195804,0,83,134,0,44,1152,64,1353,85,765,737,1502,12,0,0,0,0,12,1255.5,0
"178873",25025980300,2130,547500,2053.5,0.478260869565217,0,0,10,2,2,55,42,17,92,4,88,25,113,46,0,0,0,2,44,1144,417400
"178963",25025110106,2130,457000,2757,0.461988304093567,0,105958,348,68,0,160,710,189,947,220,606,750,1356,171,5,0,2,6,158,1281,340000
"179006",25025110106,2136,457000,2757,0.461988304093567,0,105958,348,68,0,160,710,189,947,220,606,750,1356,171,5,0,2,6,158,1281,340000
"179410",25025981100,2131,478000,1671,0.45,0,0,44,0,0,19,27,1,92,4,90,7,97,20,0,2,0,0,18,1308,330800
"179411",25025981100,2130,478000,1671,0.45,0,0,44,0,0,19,27,1,92,4,90,7,97,20,0,2,0,0,18,1308,330800
"179431",25025981100,2136,478000,1671,0.45,0,0,44,0,0,19,27,1,92,4,90,7,97,20,0,2,0,0,18,1308,330800
"179443",25025010408,2215,399000,2586.5,0.388429752066116,66736,84000,194,311,0,39,821,53,1336,49,673,765,1438,121,9,3,6,9,94,592,181600
"179556",25025010408,2251,399000,2586.5,0.388429752066116,66736,84000,194,311,0,39,821,53,1336,49,673,765,1438,121,9,3,6,9,94,592,181600
"179683",25025010408,2115,399000,2586.5,0.388429752066116,66736,84000,194,311,0,39,821,53,1336,49,673,765,1438,121,9,3,6,9,94,592,181600
"179842",NA,2109,497888,2560.5,NA,NA,NA,NA,NA,NA,NA,NA,NA,NA,NA,NA,NA,NA,19,NA,NA,NA,NA,NA,1934,217500
"179844",25025981000,2130,789950,1968,0.4375,0,0,6,0,1,1,2,0,2,9,6,5,11,8,0,0,0,1,7,3109,631960
"179847",25025981000,2131,789950,1968,0.4375,0,0,6,0,1,1,2,0,2,9,6,5,11,8,0,0,0,1,7,3109,631960
"179876",25025070103,2111,1915000,504,0.136363636363636,58750,0,68,369,0,68,236,34,589,128,348,403,751,11,4,0,4,0,3,556,0
"179889",25025981201,2128,737000,1882,0.375,0,0,0,0,0,0,0,0,0,0,0,0,0,8,1,0,0,1,6,1662,433000
"179890",25025981201,2127,737000,1882,0.375,0,0,0,0,0,0,0,0,0,0,0,0,0,8,1,0,0,1,6,1662,433000
"179903",25025981201,2125,737000,1882,0.375,0,0,0,0,0,0,0,0,0,0,0,0,0,8,1,0,0,1,6,1662,433000
"179908",25025061202,2118,2.7e+07,NA,0.5,0,0,0,0,0,0,0,0,0,0,0,0,0,1,0,0,0,0,1,192008,0
