"","zip","year","price","flip_horizon","price_diff","mortgage","inv_to_inv","lat","lon","i2i_rank","perc_top_invested"
"1",2199,2014,4500000,2118,812500,0,1,42.3484261428571,-71.0821165714286,1,0.998468606431853
"2",2199,2020,6525000,2036,-1e+06,0,0.96875,42.3453776875,-71.08405278125,2,0.996937212863706
"3",2199,2019,4950000,784.5,-315720,0,0.901960784313726,42.3454226862745,-71.0840309607843,3,0.995405819295559
"4",2199,2021,4581250,1413,222500,0,0.85,42.34607995,-71.08361125,4,0.993874425727412
"5",2199,2022,4057550,1154,1e+05,0,0.772727272727273,42.3462076363636,-71.0835429090909,5,0.992343032159265
"6",2199,2008,4228959,NA,NA,0,0.733333333333333,42.3486303333333,-71.0819552,6,0.990811638591118
"7",2199,2015,3650000,4588,1005000,520000,0.714285714285714,42.3476251428571,-71.0826175714286,7,0.989280245022971
"8",2199,2018,4772500,3115,1100000,0,0.666666666666667,42.3474413333333,-71.0828576666667,8,0.987748851454824
"9",2121,2008,248952,444,-128893,0,0.571428571428571,42.3070395897436,-71.081312003663,9,0.986217457886677
"10",2121,2009,201500,574,-117010,0,0.549107142857143,42.3067288928571,-71.0811408214286,10,0.98468606431853
"11",2120,2008,411080,1343,44000,76000,0.538461538461538,42.3307303692308,-71.0996314,11,0.983154670750383
"12",2119,2008,248570,836,-80000,0,0.51685393258427,42.3229529363296,-71.0853144082397,12,0.981623277182236
"13",2115,2019,1350000,2664,226000,452812,0.515358361774744,42.3453791569966,-71.0873559112628,13,0.980091883614089
"14",2121,2012,221000,735.5,-20000,31994.5,0.51123595505618,42.307580511236,-71.0813591011236,14,0.978560490045942
"15",2119,2009,180000,659,-104000,0,0.506172839506173,42.3226596090535,-71.0847664444444,15,0.977029096477795
"16",2121,2010,209000,536,-85000,31000,0.488372093023256,42.3072447255814,-71.0816354604651,16,0.975497702909648
"17",2120,2020,1229500,2316,289999,628625,0.481481481481481,42.3312106111111,-71.1011149444444,17,0.973966309341501
"18",2121,2011,210000,665,-39957,0,0.476190476190476,42.306682047619,-71.0815336878307,18,0.972434915773354
"19",2110,2017,1284312.5,1662,340000,587000,0.474576271186441,42.3572317881356,-71.0528646186441,19,0.970903522205207
"20",2120,2016,817500,3119,273000,568000,0.473684210526316,42.331765122807,-71.0979192280702,20,0.96937212863706
"21",2126,2009,190000,728.5,-111100,0,0.4688995215311,42.2765355550239,-71.0919957368421,21,0.967840735068913
"22",2120,2022,1437500,3642.5,767500,706625,0.458333333333333,42.331361125,-71.1011642708333,22,0.966309341500766
"23",2124,2008,250000,540.5,-95750,51000,0.452185792349727,42.2879731748634,-71.0725553743169,23,0.964777947932619
"24",2120,2019,855750,3922,470000,454250,0.448275862068966,42.3310665862069,-71.0988602241379,24,0.963246554364472
"25",2120,2015,854250,2361,152000,436000,0.444444444444444,42.3315983650794,-71.0975286507936,25,0.961715160796325
"26",2119,2010,192500,641,-42127.5,92600,0.42914979757085,42.3234313238866,-71.0844261214575,26,0.960183767228178
"27",2126,2008,226500,202.5,-86500,43250,0.422727272727273,42.2764339363636,-71.0912150590909,27,0.958652373660031
"28",2126,2012,220000,700,10592,0,0.421052631578947,42.2764177443609,-71.0912638571429,28,0.957120980091884
"29",2126,2010,198600,668.5,-71999,92000,0.413978494623656,42.2759974462366,-71.0906331075269,29,0.955589586523737
"30",2124,2010,225000,957,-59000,55000,0.411552346570397,42.2881068700361,-71.0720845848375,30,0.95405819295559
"31",2122,2008,241816,585,-87545.5,115000,0.409381663113006,42.29768191258,-71.0580146481876,31,0.952526799387443
"32",2125,2008,240393,666,-84050,96687.5,0.402380952380952,42.3151151261905,-71.0637842880952,32,0.950995405819296
"33",2122,2010,228875,684,-47035,90025,0.400510204081633,42.2971328469388,-71.0569797627551,33,0.949464012251149
"34",2124,2009,201000,621,-88472.5,0,0.39906103286385,42.2881724694836,-71.0726858106416,34,0.947932618683001
"35",2120,2012,692500,2587,158000,393525,0.397058823529412,42.3311633970588,-71.1010760735294,35,0.946401225114854
"36",2121,2013,297500,1201.5,62000,274964,0.391304347826087,42.3078278913043,-71.0814692826087,36,0.944869831546707
"37",2121,2015,434500,1611,180000,361976,0.388888888888889,42.3078314111111,-71.0820629,37,0.94333843797856
"38",2126,2011,210000,610.5,0,150972,0.384105960264901,42.2757873708609,-71.0906029470199,38,0.941807044410414
"39",2119,2014,375000,2215,87000,272500,0.382198952879581,42.3231447643979,-71.0875546282722,39,0.940275650842266
"40",2110,2019,1585000,2093,384000,0,0.378947368421053,42.3574370421053,-71.0546158631579,40,0.93874425727412
"41",2124,2011,244000,732.5,-281.5,157500,0.366583541147132,42.2877585685786,-71.0716067680798,41,0.937212863705972
"42",2121,2020,738250,1794,129792,615250,0.363636363636364,42.3087670909091,-71.0826978272727,42,0.935681470137825
"43",2125,2009,205000,533,-60000,107000,0.363395225464191,42.3150289814324,-71.0640496763926,43,0.934150076569678
"44",2119,2013,255000,1891,10000,185000,0.35978835978836,42.3231292910053,-71.0852550899471,44,0.932618683001531
"45",2134,2015,425000,3081,75000,172000,0.357512953367876,42.352371611399,-71.1347377098446,45,0.931087289433384
"46",2122,2009,188800,697,-87864,0,0.357142857142857,42.2974114126984,-71.058223026455,46,0.929555895865237
"47",2121,2007,324915.5,994,-44613.5,212750,0.355,42.307180825,-71.08087264,47,0.92802450229709
"48",2108,2022,1840000,2652,4e+05,120000,0.352941176470588,42.3573091470588,-71.0672100392157,48,0.926493108728943
"49",2134,2017,545000,2982,176000,230000,0.350993377483444,42.3525141324503,-71.1341260728477,49,0.924961715160796
"50",2121,2018,534000,2149,199500,456000,0.35031847133758,42.3077361974522,-71.081035433121,50,0.923430321592649
"51",2210,2015,1100000,2254,325000,0,0.344262295081967,42.3497511311475,-71.0520459180328,51,0.921898928024502
"52",2125,2010,226379.5,818,-42000,1e+05,0.342783505154639,42.3150550283505,-71.063230677835,52,0.920367534456355
"53",2113,2022,855000,2894,235000,498000,0.338028169014085,42.3653885774648,-71.0553195492958,53,0.918836140888208
"54",2119,2012,232000,1427.5,-12002,0,0.337423312883436,42.3236008159509,-71.0847856932515,54,0.917304747320061
"55",2119,2020,630000,1902.5,277000,445480,0.335664335664336,42.3237486223776,-71.083103986014,55,0.915773353751914
"56",2119,2016,445451,2332,149312.5,330600,0.33495145631068,42.3227030485437,-71.0864478834951,56,0.914241960183767
"57",2119,2015,452500,2406,130750,347525,0.333333333333333,42.3231836944444,-71.0873030277778,57,0.91271056661562
"58",2120,2011,442500,1544.5,20000,257375,0.333333333333333,42.3305725,-71.1003391969697,58,0.911179173047473
"59",2115,2020,1072500,2252,306000,289525,0.331325301204819,42.3467958192771,-71.0879412951807,59,0.909647779479326
"60",2121,2014,350000,1324.5,113250,294566,0.330827067669173,42.306347593985,-71.0808891353383,60,0.908116385911179
"61",2120,2014,444000,2874.5,109500,349400,0.328125,42.331324296875,-71.100431671875,61,0.906584992343032
"62",2119,2017,452500,2478,155000,332700,0.327586206896552,42.3229540574713,-71.0857828103448,62,0.905053598774885
"63",2136,2010,250000,1411,-31000,202500,0.325949367088608,42.2569824113924,-71.1218563512658,63,0.903522205206738
"64",2119,2011,214772,1021.5,-2228,132300,0.32484076433121,42.3229325414013,-71.0859528980892,64,0.901990811638591
"65",2215,2017,599500,3192,240000,0,0.321428571428571,42.3460804428571,-71.0955815785714,65,0.900459418070444
"66",2119,2022,762000,2570,299000,556000,0.320610687022901,42.3239742900763,-71.0855351221374,66,0.898928024502297
"67",2121,2016,440000,2089,125000,335500,0.3203125,42.3068338671875,-71.08170028125,67,0.89739663093415
"68",2108,2015,9e+05,2229,219750,145000,0.319587628865979,42.3576204742268,-71.0661642989691,68,0.895865237366003
"69",2134,2011,365500,1964.5,-500,183750,0.318681318681319,42.3511596648352,-71.1342287362637,69,0.894333843797856
"70",2110,2020,1150000,2087.5,167500,409400,0.311688311688312,42.3582445974026,-71.0532547922078,70,0.892802450229709
"71",2119,2021,725000,2415,276950,357010,0.309941520467836,42.3241371169591,-71.084284619883,71,0.891271056661562
"72",2124,2012,275000,1267,-1750,191175,0.309711286089239,42.2872944015748,-71.07103667979,72,0.889739663093415
"73",2108,2016,1300000,1969.5,329250,450000,0.305882352941176,42.3571950941176,-71.0650143882353,73,0.888208269525268
"74",2108,2017,1550000,2018,278500,350000,0.305882352941176,42.3573559058824,-71.0669006823529,74,0.886676875957121
"75",2120,2004,390000,889,146000,282000,0.304347826086957,42.3307631565217,-71.1024324608696,75,0.885145482388974
"76",2215,2013,352750,2431,72000,0,0.304347826086957,42.3464743217391,-71.0949182695652,76,0.883614088820827
"77",2119,2007,295000,985,-33045,2e+05,0.304182509505703,42.3238697794677,-71.086619539924,77,0.88208269525268
"78",2110,2007,7e+05,856,50000,150000,0.30379746835443,42.3580443544304,-71.0524468734177,78,0.880551301684533
"79",2113,2012,457050,2108,31401,123000,0.303571428571429,42.3652680714286,-71.0550497232143,79,0.879019908116386
"80",2210,2007,1150000,982,62876,401250,0.301724137931034,42.3501385775862,-71.051735362069,80,0.877488514548239
"81",2108,2019,1393275,2525,325000,0,0.3,42.3563647555556,-71.0673457222222,81,0.875957120980092
"82",2113,2019,7e+05,2014,184500,480000,0.298507462686567,42.3653960895522,-71.054910119403,82,0.874425727411945
"83",2120,2013,525000,2015.5,96000,312000,0.298245614035088,42.330842877193,-71.1005657192982,83,0.872894333843798
"84",2119,2018,540000,2722,210750,386250,0.297297297297297,42.3237868216216,-71.0852586162162,84,0.871362940275651
"85",2136,2008,268000,960.5,-63000,196800,0.295774647887324,42.2575167943662,-71.1212467915493,85,0.869831546707504
"86",2120,2010,475500,1511,1e+05,243750,0.295081967213115,42.331393147541,-71.1005433278688,86,0.868300153139357
"87",2119,2019,525000,2333.5,245750,369750,0.294797687861272,42.3238730115607,-71.0849780346821,87,0.86676875957121
"88",2126,2016,363000,1977.5,109000,326000,0.293785310734463,42.2754066327684,-71.0899845254237,88,0.865237366003063
"89",2128,2008,240000,1158.5,-101057.5,152500,0.292079207920792,42.3769421089109,-71.0295450915842,89,0.863705972434916
"90",2121,2017,5e+05,1653,192500,437500,0.29054054054054,42.3080442837838,-71.0820162297297,90,0.862174578866769
"91",2116,2018,1294500,2250,359000,450000,0.2890625,42.3496851210937,-71.0750866289062,91,0.860643185298622
"92",2125,2015,432250,2152,116000,340200,0.285714285714286,42.315779021978,-71.0621405631868,92,0.859111791730475
"93",2126,2013,280000,1831,8687.5,229500,0.285714285714286,42.2764512268908,-71.0905711260504,93,0.857580398162328
"94",2128,2010,238000,1417,-46334.5,160000,0.285714285714286,42.3775941015873,-71.0292003746032,94,0.856049004594181
"95",2134,2019,607000,2352,212000,270000,0.285714285714286,42.3539943904762,-71.134233647619,95,0.854517611026034
"96",2120,2007,382500,865,59100,265000,0.284403669724771,42.3317576146789,-71.0985212477064,96,0.852986217457887
"97",2125,2011,244900,1681,-18500,180000,0.284132841328413,42.3158313210332,-71.0614057675277,97,0.85145482388974
"98",2134,2021,550000,3050,170925,306150,0.284090909090909,42.3521083465909,-71.1341756306818,98,0.849923430321593
"99",2210,2012,860000,2009,76000,350000,0.28169014084507,42.3492238732394,-71.0499702394366,99,0.848392036753446
"100",2124,2007,315000,917.5,-32364,214230,0.278592375366569,42.2878935571848,-71.0711889765396,100,0.846860643185299
"101",2131,2008,297462.5,1192,-35250,220000,0.277439024390244,42.2830988170732,-71.1283967256098,101,0.845329249617152
"102",2120,2017,845000,2670,279250,473200,0.275862068965517,42.3311014137931,-71.100603637931,102,0.843797856049005
"103",2124,2016,430000,2326,115000,356250,0.275793650793651,42.2868130853175,-71.0713513353175,103,0.842266462480858
"104",2108,2007,756250,1322,104000,305600,0.275,42.3571661916667,-71.0675121583333,104,0.84073506891271
"105",2126,2007,293250,781,-32750,225625,0.274509803921569,42.2766108823529,-71.0907117352941,105,0.839203675344564
"106",2116,2020,1432800,2491,312000,454875,0.272972972972973,42.3494475054054,-71.0752988189189,106,0.837672281776417
"107",2126,2014,305000,1674,90000,287000,0.272,42.275783488,-71.092189024,107,0.83614088820827
"108",2110,2011,751750,1843.5,13000,0,0.27027027027027,42.3580238918919,-71.0514836486487,108,0.834609494640123
"109",2136,2009,249750,1113.5,-59400,190977,0.269938650306748,42.2549527791411,-71.1232320981595,109,0.833078101071975
"110",2111,2008,676500,1191,82750,326375,0.26865671641791,42.3529061791045,-71.0613734328358,110,0.831546707503829
"111",2210,2005,797500,1561,124400,359325,0.267441860465116,42.3475220348837,-71.0499848953488,111,0.830015313935682
"112",2210,2019,1335000,2397,385000,362500,0.266666666666667,42.34931495,-71.05057055,112,0.828483920367534
"113",2125,2017,530000,1735,190000,382313.5,0.264900662251656,42.3151275496689,-71.061802910596,113,0.826952526799387
"114",2134,2022,650000,3077,183500,3e+05,0.264462809917355,42.3542482396694,-71.1331555950413,114,0.82542113323124
"115",2120,2009,312000,1122.5,48708,174400,0.263157894736842,42.3310327719298,-71.0993617017544,115,0.823889739663093
"116",2121,2019,571875,1523,201155,502000,0.261904761904762,42.3068404285714,-71.0809057698413,116,0.822358346094946
"117",2111,2022,1150000,2934,152500,395000,0.261682242990654,42.353101588785,-71.0613139345794,117,0.820826952526799
"118",2116,2017,1147000,1872.5,303250,3e+05,0.258205689277899,42.3497844748359,-71.076083844639,118,0.819295558958652
"119",2128,2021,699500,2121.5,236000,488625,0.258064516129032,42.3762131589862,-71.0295386981567,119,0.817764165390505
"120",2210,2011,705000,1692,2750,3e+05,0.257575757575758,42.3497083636364,-71.0502691969697,120,0.816232771822358
"121",2122,2016,410000,2420.5,1e+05,337375,0.257462686567164,42.2961933843284,-71.0562416231343,121,0.814701378254211
"122",2125,2022,777000,1947,251000,542000,0.257462686567164,42.3160427798507,-71.0610279589552,122,0.813169984686064
"123",2122,2011,235000,1321,-42024,136000,0.257261410788382,42.2965859045643,-71.0566760622407,123,0.811638591117917
"124",2125,2007,318061,557,-10000,237300,0.2560706401766,42.3149699315673,-71.0625441611479,124,0.81010719754977
"125",2108,2018,1462500,1764.5,320000,0,0.255102040816327,42.3573602040816,-71.0663219897959,125,0.808575803981623
"126",2110,2016,1e+06,2344,262500,249300,0.255102040816327,42.3579511122449,-71.0526854591837,126,0.807044410413476
"127",2109,2018,875000,1945,271250,294000,0.253521126760563,42.3640668450704,-71.0525299859155,127,0.805513016845329
"128",2128,2022,725000,2611.5,285000,583650,0.253393665158371,42.3760331764706,-71.0296557488688,128,0.803981623277182
"129",2134,2018,550000,3247,220000,266250,0.252173913043478,42.3522876434783,-71.1339762608696,129,0.802450229709035
"130",2122,2012,283597,1502,0,140370,0.252100840336134,42.2966707689076,-71.0566305630252,130,0.800918836140888
"131",2128,2019,686250,1949.5,256000,518875,0.251412429378531,42.3760269858757,-71.0308494350282,131,0.799387442572741
"132",2110,2021,1210000,2217.5,188575.5,0,0.25,42.35795459375,-71.0531998958333,132,0.797856049004594
"133",2115,2022,895000,2543.5,238000,191657,0.25,42.34654379375,-71.08813135625,133,0.796324655436447
"134",2126,2018,430487.5,1694,138550,361649,0.25,42.2752570833333,-71.0903949038462,134,0.7947932618683
"135",2128,2020,650000,2183,239500,5e+05,0.25,42.3772927724359,-71.0284315544872,135,0.793261868300153
"136",2110,2018,1235000,1818.5,240500,487600,0.247933884297521,42.3576459338843,-71.0532825289256,136,0.791730474732006
"137",2108,2005,6e+05,1113,105000,241500,0.247863247863248,42.3573179230769,-71.066852051282,137,0.790199081163859
"138",2125,2012,263000,1766,6500,194000,0.247524752475248,42.3159282772277,-71.0612331287129,138,0.788667687595712
"139",2134,2020,556000,2256,170250,319200,0.247524752475248,42.3526538415842,-71.1342416732673,139,0.787136294027565
"140",2111,2007,665000,991.5,97500,316000,0.246835443037975,42.3529181835443,-71.0609922594937,140,0.785604900459418
"141",2108,2000,711375,-2971.5,2977250,2e+05,0.246153846153846,42.3573581153846,-71.0664409769231,141,0.784073506891271
"142",2128,2014,356000,2510,73151,264000,0.245333333333333,42.3768889546667,-71.0287044533333,142,0.782542113323124
"143",2116,2019,1199500,2127.5,322625,5e+05,0.245145631067961,42.3493196383495,-71.0758291723301,143,0.781010719754977
"144",2136,2011,240000,1493,-43750,171681.5,0.244755244755245,42.256357979021,-71.1220213321678,144,0.77947932618683
"145",2120,2000,232500,73,262000,165625,0.24468085106383,42.3312626702128,-71.1014259893617,145,0.777947932618683
"146",2215,2018,604950,3317,235000,0,0.24468085106383,42.3463705,-71.0956811595745,146,0.776416539050536
"147",2115,2015,683500,2060.5,166000,261450,0.244565217391304,42.3452034456522,-71.0904343478261,147,0.774885145482389
"148",2109,2017,884500,1834,264500,395625,0.243589743589744,42.3644128333333,-71.0520680384615,148,0.773353751914242
"149",2110,2015,875000,1828,240000,340000,0.242424242424242,42.358151050505,-71.0517474646465,149,0.771822358346095
"150",2108,2013,1262500,1623,145500,175000,0.241935483870968,42.3572005564516,-71.0653217096774,150,0.770290964777948
"151",2115,2021,845000,2644,229000,0,0.241935483870968,42.3458884717742,-71.088695733871,151,0.768759571209801
"152",2113,2017,637000,2307.5,175000,424000,0.240506329113924,42.365292443038,-71.0550043797468,152,0.767228177641654
"153",2109,2007,642500,1063,87250,310800,0.240384615384615,42.3638403365385,-71.05242825,153,0.765696784073507
"154",2113,2016,646250,1556.5,150500,397750,0.24,42.3651579,-71.05528457,154,0.76416539050536
"155",2124,2013,322500,1660.5,27250,233250,0.24,42.2868076258824,-71.0708129317647,155,0.762633996937213
"156",2110,2012,770000,2057,86000,225000,0.238938053097345,42.3581981327434,-71.051782380531,156,0.761102603369066
"157",2109,2013,6e+05,2560,88500,304000,0.238636363636364,42.3639472159091,-71.0525781931818,157,0.759571209800919
"158",2131,2010,285000,1818,-17972.5,234000,0.237082066869301,42.2834058480243,-71.1276793465046,158,0.758039816232772
"159",2108,2012,960000,1849.5,60000,0,0.237037037037037,42.3572209407407,-71.0658120222222,159,0.756508422664625
"160",2113,2014,545000,2587,86250,348000,0.236559139784946,42.3652670430108,-71.0550443548387,160,0.754977029096478
"161",2210,2010,678000,1521,-8558.5,327750,0.235294117647059,42.3495961960784,-71.0503319607843,161,0.753445635528331
"162",2108,2014,1400000,1819.5,266250,0,0.234848484848485,42.3571501742424,-71.0663331287879,162,0.751914241960184
"163",2121,2021,757500,2258.5,386500,594566,0.233870967741935,42.3076138790323,-71.0814214274194,163,0.750382848392037
"164",2128,2012,242500,1955,-1312,120000,0.233676975945017,42.376774838488,-71.0292507972509,164,0.74885145482389
"165",2111,2019,1044000,2494,237500,227825,0.233333333333333,42.352750525,-71.0612281333333,165,0.747320061255743
"166",2134,2010,289500,1749,6887.5,132800,0.232704402515723,42.3531647484277,-71.1332683333333,166,0.745788667687596
"167",2113,2015,592500,2346,119000,400478,0.232558139534884,42.3655545232558,-71.0549458837209,167,0.744257274119449
"168",2134,2014,376000,2693,67000,0,0.232258064516129,42.3526831806452,-71.1345496064516,168,0.742725880551302
"169",2116,2021,1300000,2452,261000,467000,0.232245681381958,42.3493745316699,-71.075397059501,169,0.741194486983155
"170",2109,2022,760000,2655,190000,392000,0.231884057971014,42.3644197826087,-71.052176115942,170,0.739663093415008
"171",2108,2021,1542500,1973,254000,0,0.230769230769231,42.3572130769231,-71.0672998557692,171,0.738131699846861
"172",2115,2013,585000,2082,99500,0,0.229787234042553,42.3464407361702,-71.088059987234,172,0.736600306278714
"173",2128,2009,216500,1227,-71350,155093,0.229591836734694,42.377607875,-71.0288216709184,173,0.735068912710567
"174",2134,2012,311250,2204,10500,0,0.229411764705882,42.3530729588235,-71.1336169941176,174,0.73353751914242
"175",2116,2016,1045000,2001,291000,417000,0.227969348659004,42.3499210172414,-71.0758208467433,175,0.732006125574273
"176",2110,2014,845000,2189,204000,357250,0.227272727272727,42.3579266931818,-71.0519026818182,176,0.730474732006126
"177",2134,2013,354000,2569,40000,0,0.226315789473684,42.3527247315789,-71.1337724842105,177,0.728943338437979
"178",2128,2011,238250,1681,-20000,169379,0.224719101123595,42.3770543258427,-71.0290147827715,178,0.727411944869832
"179",2124,2018,525000,1880.5,204250,388450,0.224137931034483,42.2873133472906,-71.0720037093596,179,0.725880551301685
"180",2115,2016,655000,2303,189500,0,0.222222222222222,42.3471363009259,-71.0882498240741,180,0.724349157733537
"181",2111,2017,927500,3293,255000,349873,0.221428571428571,42.3526826357143,-71.0615198428571,181,0.722817764165391
"182",2134,2016,460000,2688,145888,0,0.221374045801527,42.3533771526718,-71.1340868549618,182,0.721286370597243
"183",2134,2006,350000,811,31500,245250,0.220338983050847,42.3521383771186,-71.1348499872881,183,0.719754977029097
"184",2116,2011,824500,1918,55000,241887.5,0.21969696969697,42.3497368314394,-71.0750183863636,184,0.718223583460949
"185",2114,2021,773000,2813.5,173000,455500,0.219298245614035,42.361289881579,-71.0665400307018,185,0.716692189892802
"186",2122,2007,289500,992,10000,219500,0.21889400921659,42.2970227396313,-71.0578165599078,186,0.715160796324655
"187",2215,2020,781500,2744,221000,395625,0.21875,42.346108015625,-71.097223171875,187,0.713629402756508
"188",2109,2014,699000,2346.5,137000,370000,0.216494845360825,42.3637933608247,-71.0525637216495,188,0.712098009188361
"189",2125,2020,7e+05,2055,226100,5e+05,0.216494845360825,42.3161862611684,-71.060416814433,189,0.710566615620214
"190",2120,2002,309630,516,121500,257000,0.216216216216216,42.3311550675676,-71.101300445946,190,0.709035222052067
"191",2108,2020,1452000,2478,236000,0,0.215189873417722,42.3572489873418,-71.0674614303798,191,0.70750382848392
"192",2120,2006,350000,1246,104300,280000,0.215189873417722,42.3307556329114,-71.1013755189873,192,0.705972434915773
"193",2108,2006,699000,998,65000,336000,0.214876033057851,42.3572716859504,-71.0671394793388,193,0.704441041347626
"194",2120,2018,626000,2715,222500,389000,0.214285714285714,42.3305289285714,-71.1024148333333,194,0.702909647779479
"195",2135,2018,486000,2599.5,172000,251000,0.213513513513514,42.3454425756757,-71.1532814216216,195,0.701378254211332
"196",2111,2015,885000,2876,217000,0,0.212903225806452,42.3525701935484,-71.0611120645161,196,0.699846860643185
"197",2134,2001,234500,277,45900,160000,0.212264150943396,42.3518954811321,-71.1332539716981,197,0.698315467075038
"198",2108,2009,705000,1215,26000,196000,0.212121212121212,42.3572863838384,-71.0663466767677,198,0.696784073506891
"199",2125,2013,306500,2233,32000,242100,0.211940298507463,42.316060438806,-71.0625493731343,199,0.695252679938744
"200",2115,2017,8e+05,2046.5,233500,180000,0.211428571428571,42.3472974685714,-71.0887746057143,200,0.693721286370597
"201",2136,2012,259300,1747,-10625,190978,0.211038961038961,42.2566679155844,-71.1222568409091,201,0.69218989280245
"202",2115,2018,820000,2478.5,268000,0,0.210810810810811,42.3466318972973,-71.0885645837838,202,0.690658499234303
"203",2110,2022,1410000,2606,233500,0,0.210526315789474,42.3575377280702,-71.0537734473684,203,0.689127105666156
"204",2116,2022,1390000,2483,273000,509125,0.208888888888889,42.3494388555556,-71.0751883955556,204,0.687595712098009
"205",2116,2014,935000,2222,208500,320000,0.208747514910537,42.3496731153081,-71.0753702683897,205,0.686064318529862
"206",2135,2017,470000,2827,160250,203700,0.20863309352518,42.3459117505995,-71.152924618705,206,0.684532924961715
"207",2128,2007,3e+05,885.5,12154.5,228750,0.207253886010363,42.3766844715026,-71.0297978238342,207,0.683001531393568
"208",2215,2022,635000,3421,205000,0,0.207207207207207,42.3460167207207,-71.0964855225225,208,0.681470137825421
"209",2128,2013,325000,1969,54876,234000,0.207119741100324,42.3769043624595,-71.0282338673139,209,0.679938744257274
"210",2125,2018,590000,2214.5,230000,446250,0.206405693950178,42.3157208220641,-71.06084086121,210,0.678407350689127
"211",2116,2010,740000,1711,51250,272000,0.205702647657841,42.3496269674134,-71.0755483462322,211,0.67687595712098
"212",2215,2016,607000,2346,165000,0,0.205357142857143,42.3471386160714,-71.09489775,212,0.675344563552833
"213",2136,2007,311250,761,-14426.5,235000,0.204488778054863,42.2562422244389,-71.122596563591,213,0.673813169984686
"214",2110,2001,581250,441.5,169375,275000,0.204081632653061,42.3585387346939,-71.0516350204082,214,0.672281776416539
"215",2215,2015,505000,2690,127000,125000,0.203883495145631,42.3468749320388,-71.0957001262136,215,0.670750382848392
"216",2126,2021,570000,2137,205000,441350,0.202797202797203,42.2757696713287,-71.0891361958042,216,0.669218989280245
"217",2110,2008,524415,1204,156250,246150,0.202380952380952,42.3582093095238,-71.0518133571429,217,0.667687595712098
"218",2120,2005,361225,874.5,92500,261635,0.202380952380952,42.3316482619048,-71.0989875952381,218,0.666156202143951
"219",2109,2010,575000,1663,35000,308000,0.2,42.3640968266667,-71.0523032266667,219,0.664624808575804
"220",2128,2015,410000,2536,114950,313500,0.199488491048593,42.3763885524297,-71.0301960818414,220,0.663093415007657
"221",2116,2012,8e+05,1989,69250,264800,0.199066874027994,42.3496882286159,-71.075369251944,221,0.66156202143951
"222",2121,2000,182950,125.5,56500,153450,0.198630136986301,42.3071240273973,-71.0801055136986,222,0.660030627871363
"223",2116,2015,1e+06,2111,247000,360225,0.198473282442748,42.3492811698473,-71.0751946145038,223,0.658499234303216
"224",2210,2016,872000,1801,383750,397500,0.197916666666667,42.3491645520833,-71.05013725,224,0.656967840735069
"225",2111,2016,963500,2829,260000,355000,0.197368421052632,42.3530422763158,-71.0612743026316,225,0.655436447166922
"226",2111,2013,670000,2744.5,85000,0,0.197278911564626,42.3528601428571,-71.0615072585034,226,0.653905053598775
"227",2109,2011,568500,2108,42000,234000,0.196969696969697,42.3646931515152,-71.0523871060606,227,0.652373660030628
"228",2111,2003,581250,645.5,57500,321350,0.196969696969697,42.3531560909091,-71.0615472878788,228,0.650842266462481
"229",2210,2013,790000,2062.5,97500,3e+05,0.19672131147541,42.3507020983607,-71.0506990491803,229,0.649310872894334
"230",2122,2013,299000,2039,29000,229125,0.196296296296296,42.2961760555556,-71.0567332333333,230,0.647779479326187
"231",2128,2016,480000,2488.5,160000,350000,0.195061728395062,42.3765838716049,-71.0301206641975,231,0.64624808575804
"232",2120,2003,432000,704,90000,337500,0.194805194805195,42.3314882337662,-71.1003395974026,232,0.644716692189893
"233",2118,2019,1037500,1939,285000,549500,0.194736842105263,42.3403547105263,-71.0741670394737,233,0.643185298621746
"234",2109,2019,967500,2124.5,241250,456000,0.194029850746269,42.3641651791045,-71.0520719402985,234,0.641653905053599
"235",2128,2017,524000,2460,201000,398620,0.193814432989691,42.3757273319588,-71.0309400659794,235,0.640122511485452
"236",2109,2016,780000,1848,170000,353600,0.193548387096774,42.3635956451613,-71.0525618494624,236,0.638591117917305
"237",2124,2022,684500,2334,256500,549000,0.19327731092437,42.2868005322129,-71.0706792492997,237,0.637059724349158
"238",2128,2018,580000,2519,245150,438125,0.192982456140351,42.3774330233918,-71.0291043304094,238,0.635528330781011
"239",2210,2017,1150000,2059,320000,424100,0.192982456140351,42.3497378245614,-71.0501420350877,239,0.633996937212864
"240",2114,2015,650000,2317,160000,378000,0.192825112107623,42.361318058296,-71.0667302959641,240,0.632465543644717
"241",2108,2003,650000,743,85000,240000,0.192771084337349,42.3575180963855,-71.0673393253012,241,0.63093415007657
"242",2109,2006,581000,1348,105000,292500,0.192660550458716,42.3643601926605,-71.0523314954128,242,0.629402756508423
"243",2210,2006,887000,711.5,58500,442175,0.192307692307692,42.3510788557692,-71.0522225480769,243,0.627871362940276
"244",2125,2016,434000,2282,140000,340000,0.192182410423453,42.3152303876222,-71.0609865114007,244,0.626339969372129
"245",2120,2001,180000,259.5,3750,123750,0.192,42.332496304,-71.095658384,245,0.624808575803982
"246",2134,2009,322500,1690,7250,193230,0.191358024691358,42.3527578888889,-71.1340174876543,246,0.623277182235835
"247",2108,2010,653500,1903.5,49250,230000,0.190909090909091,42.3571522,-71.0674669909091,247,0.621745788667688
"248",2121,2022,596125,2220,232950,466065,0.190909090909091,42.3069789090909,-71.0810515545455,248,0.620214395099541
"249",2210,2022,1259000,1905,143000,4e+05,0.189473684210526,42.3504186947368,-71.0464533263158,249,0.618683001531394
"250",2113,2021,670000,2761,185000,5e+05,0.188118811881188,42.365369980198,-71.0551921287129,250,0.617151607963247
"251",2215,2012,375000,2417,20100,0,0.187096774193548,42.3460874645161,-71.0947264645161,251,0.6156202143951
"252",2111,2020,1e+06,2786.5,204250,465000,0.185185185185185,42.352569617284,-71.0609466049383,252,0.614088820826953
"253",2115,2011,466407.5,1747,22000,177730,0.184210526315789,42.3460817,-71.0884609421053,253,0.612557427258805
"254",2135,2010,286000,1950,-5000,167585,0.184210526315789,42.3460806674641,-71.1516270741627,254,0.611026033690659
"255",2134,2008,323000,1365.5,13000,2e+05,0.183431952662722,42.3529842426035,-71.1352326094675,255,0.609494640122511
"256",2116,2007,650000,1110,81125,340800,0.182908545727136,42.3495662608696,-71.0755984827586,256,0.607963246554365
"257",2109,2012,619750,1995,54000,275000,0.182795698924731,42.3640897526882,-71.0523579784946,257,0.606431852986217
"258",2215,2014,504500,2580,1e+05,233765,0.182539682539683,42.3466824603175,-71.0951759444444,258,0.60490045941807
"259",2108,2011,981250,1956,63000,0,0.181818181818182,42.3571405545455,-71.0662460545455,259,0.603369065849923
"260",2126,2017,405800,2164,128000,331742.5,0.181818181818182,42.2756565,-71.0909379204546,260,0.601837672281776
"261",2118,2018,1e+06,1848,289750,567000,0.181598062953995,42.3404129031477,-71.0743405230024,261,0.600306278713629
"262",2116,2013,899000,2107,134000,305000,0.181500872600349,42.3496662059337,-71.0748858813264,262,0.598774885145482
"263",2124,2017,477500,1892.5,176550,373752.5,0.180952380952381,42.286897247619,-71.0722315880952,263,0.597243491577335
"264",2135,2016,430000,3104,125000,165625,0.180555555555556,42.3466026481481,-71.1531737222222,264,0.595712098009188
"265",2126,2015,311000,1519,137500,294566,0.180451127819549,42.2769982706767,-71.090806443609,265,0.594180704441041
"266",2110,2009,661210,1557,15000,132000,0.18,42.35898766,-71.05177606,266,0.592649310872894
"267",2120,2021,690500,3852,295000,415250,0.18,42.33116236,-71.10056692,267,0.591117917304747
"268",2124,2014,350000,2133,50000,255200,0.179775280898876,42.2862806853933,-71.0696372629213,268,0.5895865237366
"269",2215,2019,680000,2427.5,227250,263550,0.179775280898876,42.3464196179775,-71.0958554382022,269,0.588055130168453
"270",2215,2021,672500,3854,200944,173500,0.17910447761194,42.3464327238806,-71.0964952238806,270,0.586523736600306
"271",2126,2006,359950,736.5,71500,279920,0.178294573643411,42.2757945155039,-71.0908141627907,271,0.584992343032159
"272",2111,2009,585000,1461,14000,310562.5,0.177777777777778,42.3525857444444,-71.0609754555555,272,0.583460949464012
"273",2210,2008,7e+05,762,65750,364000,0.177777777777778,42.3494729111111,-71.0510957333333,273,0.581929555895865
"274",2111,2014,780000,2626,140000,312000,0.177304964539007,42.3525384326241,-71.0612836382979,274,0.580398162327718
"275",2118,2017,880000,1805,273800,482000,0.177156177156177,42.3400918438228,-71.0743652354312,275,0.578866768759571
"276",2115,2012,443250,1999,35000,153750,0.176923076923077,42.3459008153846,-71.0892479115385,276,0.577335375191424
"277",2124,2015,399000,2094,81000,304000,0.176470588235294,42.2870054211765,-71.0696003482353,277,0.575803981623277
"278",2135,2011,272400,2007,-6900,150000,0.175824175824176,42.3455830879121,-71.1529068516484,278,0.57427258805513
"279",2118,2013,655000,2124,122000,382500,0.175502742230347,42.3400085191956,-71.0752757531993,279,0.572741194486983
"280",2111,2018,1034500,2436.5,234250,0,0.175438596491228,42.3518768245614,-71.0619695526316,280,0.571209800918836
"281",2109,2008,625000,1145,86975,339200,0.174311926605505,42.3636841743119,-71.0524530642202,281,0.569678407350689
"282",2121,2006,371500,730,50000,279960,0.174074074074074,42.3071523740741,-71.0815989851852,282,0.568147013782542
"283",2110,2000,510000,37,0,242500,0.173469387755102,42.3586121326531,-71.0514269795918,283,0.566615620214395
"284",2125,2014,344500,2464,56000,264600,0.173333333333333,42.3152928366667,-71.0600786033333,284,0.565084226646248
"285",2127,2019,757500,1798,205000,532000,0.173239436619718,42.3351049140845,-71.0442599366197,285,0.563552833078101
"286",2113,2007,405000,966,25000,285000,0.172932330827068,42.3656437368421,-71.0552474285714,286,0.562021439509954
"287",2119,2003,3e+05,623,115000,226100,0.172774869109948,42.3243815445026,-71.0843548848167,287,0.560490045941807
"288",2122,2014,336000,2306,44875,260000,0.171821305841924,42.2957316735395,-71.055999975945,288,0.55895865237366
"289",2109,2021,874000,2488,199500,484870,0.171717171717172,42.3642235050505,-71.0525504343434,289,0.557427258805513
"290",2114,2019,729500,2826,214000,394675,0.171717171717172,42.3612023989899,-71.066839050505,290,0.555895865237366
"291",2210,2014,840000,2329,240000,435000,0.169014084507042,42.3496944225352,-71.0510941408451,291,0.554364471669219
"292",2119,2004,310860,595,122000,240000,0.168582375478927,42.3237748429119,-71.0855724559387,292,0.552833078101072
"293",2111,2011,625000,2037.5,10000,0,0.168539325842697,42.3526880224719,-71.0614732022472,293,0.551301684532925
"294",2127,2022,862500,2126,239368.5,620850,0.168523676880223,42.3348880571031,-71.043250724234,294,0.549770290964778
"295",2135,2022,570000,3262.5,177250,350000,0.168195718654434,42.34688317737,-71.1536545810398,295,0.548238897396631
"296",2121,2003,379900,494,162333,290000,0.167883211678832,42.3066504671533,-71.0808539854015,296,0.546707503828484
"297",2122,2017,447500,2756.5,160000,348500,0.167247386759582,42.2970271637631,-71.0565529965157,297,0.545176110260337
"298",2113,2010,391250,1732,27000,263500,0.166666666666667,42.3654602777778,-71.0549349444444,298,0.54364471669219
"299",2128,2000,197000,148.5,10500,155350,0.166666666666667,42.376364516129,-71.031093233871,299,0.542113323124043
"300",2136,2016,362700,2553.5,70000,316849,0.166172106824926,42.2568416735905,-71.1226510801187,300,0.540581929555896
"301",2111,2006,575000,967,105000,344000,0.166064981949458,42.3523086064982,-71.0600571227437,301,0.539050535987749
"302",2128,2001,238950,342,82500,196800,0.164670658682635,42.3773714341317,-71.0299300688623,302,0.537519142419602
"303",2116,2006,645000,1047.5,95600,327375,0.164665523156089,42.3497487444254,-71.0758984596912,303,0.535987748851455
"304",2119,2000,157000,105,67000,128500,0.164319248826291,42.3240343004695,-71.0844756995305,304,0.534456355283308
"305",2118,2016,817000,1705.5,241000,5e+05,0.163934426229508,42.340365147541,-71.0746175269321,305,0.532924961715161
"306",2131,2009,285000,1597,-29077,229362.5,0.162650602409639,42.2839055,-71.1281830240964,306,0.531393568147014
"307",2125,2019,584000,2150.5,205735,463125,0.161716171617162,42.3157809141914,-71.0608818019802,307,0.529862174578867
"308",2113,2008,461500,1087,29100,240000,0.160919540229885,42.3652035632184,-71.0552830574713,308,0.52833078101072
"309",2122,2015,365000,2445,64500,284050,0.160535117056856,42.2950165284281,-71.0550520802676,309,0.526799387442573
"310",2109,2005,575000,992,85500,325000,0.16,42.36428588,-71.052317592,310,0.525267993874426
"311",2121,2002,3e+05,349,125000,240000,0.159235668789809,42.3063883949045,-71.080605522293,311,0.523736600306279
"312",2122,2018,529000,2652.5,181000,392395,0.158333333333333,42.2956402,-71.0559234125,312,0.522205206738132
"313",2109,2015,660000,2017,176000,417000,0.156626506024096,42.3647400722892,-71.0521300843373,313,0.520673813169985
"314",2110,2006,640000,792.5,80000,350000,0.156462585034014,42.3580629047619,-71.0522754897959,314,0.519142419601838
"315",2210,2020,1117500,1881,192500,678437.5,0.15625,42.349712578125,-71.048826296875,315,0.517611026033691
"316",2125,2021,673000,2165,215000,528750,0.155763239875389,42.3162140778816,-71.060076953271,316,0.516079632465544
"317",2114,2008,422000,1409,60000,249000,0.155737704918033,42.3615147418033,-71.0670387745902,317,0.514548238897397
"318",2124,2021,670000,2183,246000,487400,0.155606407322654,42.2869989153318,-71.0691394713959,318,0.51301684532925
"319",2110,2005,745000,490,88050,350000,0.154929577464789,42.3584105352113,-71.0516152394366,319,0.511485451761103
"320",2215,2008,341000,1432,34500,180000,0.154761904761905,42.3458738928571,-71.0949332321428,320,0.509954058192956
"321",2127,2018,746250,1839.5,225000,5e+05,0.154639175257732,42.3349682899485,-71.0439673956186,321,0.508422664624809
"322",2135,2014,370000,2582,63000,195000,0.154488517745303,42.3458362818372,-71.1530859749478,322,0.506891271056662
"323",2215,2005,306500,1051.5,64850,182000,0.152091254752852,42.3459843574145,-71.0957924828897,323,0.505359877488515
"324",2111,2005,675000,890,92000,368400,0.151419558359621,42.3525962176656,-71.0615586719243,324,0.503828483920367
"325",2111,2021,1020000,2886,250478,4e+05,0.151260504201681,42.3528982436975,-71.0614534537815,325,0.502297090352221
"326",2110,2013,802148,2390,149500,0,0.150537634408602,42.3584772258065,-71.0519492688172,326,0.500765696784073
"327",2215,2006,318500,995,45620,205000,0.150485436893204,42.3465174660194,-71.0959204708738,327,0.499234303215927
"328",2135,2021,540000,2931.5,173500,328345,0.150115473441109,42.3461738083141,-71.1528623256351,328,0.49770290964778
"329",2108,2008,660000,1455,84250,132000,0.149425287356322,42.3572971264368,-71.0669149425287,329,0.496171516079633
"330",2126,2020,562000,1792.5,247500,472390,0.149425287356322,42.2766365977011,-71.0919013333333,330,0.494640122511485
"331",2135,2019,529500,2562,176000,320125,0.149425287356322,42.3465711063218,-71.1529211867816,331,0.493108728943338
"332",2122,2021,620000,2178,213687.5,489625,0.147887323943662,42.2952676232394,-71.0552370880282,332,0.491577335375191
"333",2113,2013,465000,2320,70500,288750,0.147826086956522,42.3654000869565,-71.0550103913044,333,0.490045941807044
"334",2110,2010,623000,1718.5,3000,286555,0.147540983606557,42.3581925245902,-71.0513201803279,334,0.488514548238897
"335",2108,2001,624500,199,85000,129500,0.147058823529412,42.3574012647059,-71.0670613921569,335,0.48698315467075
"336",2113,2011,417500,2031,2000,197875,0.147058823529412,42.3651624852941,-71.0552365294118,336,0.485451761102603
"337",2113,2018,612500,2053,183000,428750,0.146341463414634,42.3654305609756,-71.0548423536585,337,0.483920367534456
"338",2122,2019,510000,1924,183000,410400,0.146245059288538,42.295319743083,-71.0552956798419,338,0.482388973966309
"339",2116,2005,663000,953,122946,324000,0.146206896551724,42.3498466248276,-71.0742747089655,339,0.480857580398162
"340",2114,2022,811000,2905,210000,334800,0.146067415730337,42.3611918033708,-71.0666430842697,340,0.479326186830015
"341",2116,2008,714500,1370,88000,340000,0.145756457564576,42.3491564409594,-71.0756497103321,341,0.477794793261868
"342",2136,2014,325000,2088,47800,267750,0.145748987854251,42.2553555101215,-71.1233487489879,342,0.476263399693721
"343",2136,2017,390000,2275,105000,342400,0.145214521452145,42.2562950066007,-71.1223668085809,343,0.474732006125574
"344",2118,2015,770000,1951.5,194000,425000,0.14519906323185,42.3403800796253,-71.0745963021077,344,0.473200612557427
"345",2131,2011,291000,1866,-19950,212745,0.145038167938931,42.2834303244275,-71.1297188282443,345,0.47166921898928
"346",2127,2020,764700,1883,185000,564750,0.145015105740181,42.3348104486405,-71.0435893217523,346,0.470137825421133
"347",2135,2020,527500,2784,167000,360000,0.144781144781145,42.3465490909091,-71.1533098787879,347,0.468606431852986
"348",2134,2005,348725,825.5,62000,250616,0.144021739130435,42.3527362826087,-71.1346538369565,348,0.467075038284839
"349",2215,2010,362500,1834,26000,185750,0.143939393939394,42.3460770757576,-71.0981716818182,349,0.465543644716692
"350",2111,2000,394000,243,55000,224500,0.142857142857143,42.3524394880952,-71.0608580119048,350,0.464012251148545
"351",2111,2012,629500,2361,28500,75000,0.142857142857143,42.35243765,-71.0610257428571,351,0.462480857580398
"352",2126,2019,450000,2365,188000,410250,0.141935483870968,42.2756997677419,-71.090480683871,352,0.460949464012251
"353",2121,2004,409500,563,144000,320000,0.141025641025641,42.3067694871795,-71.081324017094,353,0.459418070444104
"354",2210,2021,1250000,2154,217000,575015,0.141025641025641,42.3499891282051,-71.0477956666667,354,0.457886676875957
"355",2109,2009,525000,1487,32800,324356,0.140625,42.36479475,-71.05214409375,355,0.45635528330781
"356",2114,2012,482500,2472.5,51300,225000,0.140425531914894,42.3613502510638,-71.0666006297872,356,0.454823889739663
"357",2127,2021,799000,2014,205000,579250,0.140425531914894,42.3348562531915,-71.0443514531915,357,0.453292496171516
"358",2118,2022,1023750,2260,201250,634500,0.139949109414758,42.3408455826972,-71.0738939516539,358,0.451761102603369
"359",2136,2013,287000,1731,8773,240800,0.138983050847458,42.256087061017,-71.1228823661017,359,0.450229709035222
"360",2108,2002,369950,710,85000,175350,0.138888888888889,42.3574384074074,-71.0661080277778,360,0.448698315467075
"361",2124,2020,585000,2186,185000,460000,0.138461538461538,42.2864181753846,-71.0700566953846,361,0.447166921898928
"362",2136,2022,649025.5,3023,299500,522500,0.137795275590551,42.2548988503937,-71.1237033346457,362,0.445635528330781
"363",2113,2006,465000,1217,86000,280700,0.13768115942029,42.3651326594203,-71.0553294855072,363,0.444104134762634
"364",2128,2003,335000,736,87100,280000,0.137254901960784,42.3773675266106,-71.0304158851541,364,0.442572741194487
"365",2111,2004,595000,873,72000,302000,0.136363636363636,42.351938230303,-71.0622078,365,0.44104134762634
"366",2116,2001,481750,335,75000,259000,0.135983263598326,42.3492325167364,-71.0763028075314,366,0.439509954058193
"367",2110,2002,6e+05,518,150000,300700,0.135593220338983,42.3576784745763,-71.0514654745763,367,0.437978560490046
"368",2111,2010,628500,1833,20184,2e+05,0.135416666666667,42.35257321875,-71.06110078125,368,0.436447166921899
"369",2215,2007,316250,1217,45000,202100,0.135,42.345445475,-71.095098115,369,0.434915773353752
"370",2114,2010,460000,1859.5,46500,238400,0.134969325153374,42.3612156134969,-71.0667500797546,370,0.433384379785605
"371",2115,2008,460000,1298.5,54250,240000,0.134883720930233,42.3460776139535,-71.0889205209302,371,0.431852986217458
"372",2121,2001,218450,314,91000,187777,0.134615384615385,42.3065291923077,-71.0812542692308,372,0.430321592649311
"373",2136,2018,433350,2464,141000,374987.5,0.133986928104575,42.2566485098039,-71.1225927973856,373,0.428790199081164
"374",2119,2005,315000,988,100500,248000,0.13353115727003,42.3229640771513,-71.0869392166172,374,0.427258805513017
"375",2124,2006,354900,735.5,65000,275000,0.133526850507983,42.2879107866473,-71.0721141959361,375,0.42572741194487
"376",2115,2014,582500,2508.5,137500,180000,0.133004926108374,42.3454200788177,-71.0894459950739,376,0.424196018376723
"377",2122,2020,530000,2386,188230,424000,0.132420091324201,42.2953650136986,-71.0552333652968,377,0.422664624808576
"378",2126,2022,577500,3301,253200,462825,0.131578947368421,42.2766901315789,-71.0890807631579,378,0.421133231240429
"379",2114,2018,699000,2498.5,198000,350000,0.13125,42.36151579375,-71.06623886875,379,0.419601837672282
"380",2115,2010,491000,1564.5,18500,183400,0.131147540983607,42.3471310765027,-71.0878720601093,380,0.418070444104135
"381",2127,2010,365000,1633,9550,291100,0.130882352941176,42.3348881838235,-71.0440731808824,381,0.416539050535988
"382",2115,2009,463250,1410,32400,232150,0.130434782608696,42.3456503804348,-71.0890123913044,382,0.415007656967841
"383",2135,2015,382000,2746,95000,186200,0.129675810473815,42.345861882793,-71.1533592992519,383,0.413476263399694
"384",2114,2011,420000,2129,25950,224250,0.129353233830846,42.3612631741294,-71.0671110099503,384,0.411944869831547
"385",2134,2007,314900,1197,22700,230800,0.129353233830846,42.3526155223881,-71.1334469701493,385,0.4104134762634
"386",2116,2009,720000,1602,50000,270000,0.12933025404157,42.3489163556582,-71.0757818683603,386,0.408882082695253
"387",2136,2015,350000,2560,73550,292000,0.128813559322034,42.255536461017,-71.1235461254237,387,0.407350689127106
"388",2134,2004,320000,859,60000,216400,0.128378378378378,42.3519818885135,-71.1335313040541,388,0.405819295558959
"389",2124,2019,560000,2142,215000,439510,0.128272251308901,42.2865242408377,-71.071220526178,389,0.404287901990812
"390",2122,2006,320000,981.5,45000,255200,0.12751677852349,42.2976204362416,-71.0579046689038,390,0.402756508422665
"391",2118,2021,950000,2272,219000,552400,0.127083333333333,42.3405577854167,-71.0743696083333,391,0.401225114854518
"392",2114,2016,650000,2101,182500,326250,0.126903553299492,42.3611568020305,-71.0670855177665,392,0.399693721286371
"393",2130,2022,760000,2233,202000,518700,0.126732673267327,42.3118777247525,-71.1112476158416,393,0.398162327718224
"394",2114,2017,685000,2024,205000,409500,0.125714285714286,42.3615381428571,-71.0668183885714,394,0.396630934150077
"395",2119,2006,307150,794.5,63566,245920,0.125,42.3228065381944,-71.0859610208333,395,0.39509954058193
"396",2199,2002,1337500,69.5,60000,350350,0.125,42.3460255,-71.0838598333333,396,0.393568147013783
"397",2116,2004,615000,920.5,95000,316000,0.124550898203593,42.349133257485,-71.0746914874252,397,0.392036753445635
"398",2125,2006,330000,1012.5,67250,244000,0.124505928853755,42.3150523675889,-71.0620393735178,398,0.390505359877488
"399",2134,2000,184500,117.5,37000,121500,0.124324324324324,42.3519983945946,-71.1335556810811,399,0.388973966309341
"400",2119,2002,233250,469,86500,207500,0.123655913978495,42.323591483871,-71.0867743387097,400,0.387442572741195
"401",2118,2012,585500,2114,60500,366625,0.122641509433962,42.3402755990566,-71.0745622004717,401,0.385911179173048
"402",2122,2022,624950,2335,204131,502250,0.122137404580153,42.2958105954198,-71.0563528664122,402,0.3843797856049
"403",2135,2012,287500,2459,7800,95000,0.121348314606742,42.3456041325843,-71.1524106179775,403,0.382848392036753
"404",2115,2006,409500,1134.5,64500,239200,0.12111801242236,42.3456963850932,-71.0887128012422,404,0.381316998468606
"405",2127,2008,361250,1343.5,16500,277450,0.121019108280255,42.3352796242038,-71.0449138328025,405,0.379785604900459
"406",2109,2002,418600,564,78750,268000,0.120879120879121,42.3644624175824,-71.052274043956,406,0.378254211332312
"407",2126,2000,169200,167.5,61475,147750,0.120689655172414,42.2760162873563,-71.0917778678161,407,0.376722817764165
"408",2118,2011,560000,1886.5,41500,340000,0.120521172638436,42.3404041335505,-71.0754320553746,408,0.375191424196018
"409",2114,2013,534500,2372,102000,277200,0.12,42.36144569,-71.067176175,409,0.373660030627871
"410",2136,2020,515000,1932,170000,412000,0.119834710743802,42.2548128595041,-71.1229585289256,410,0.372128637059724
"411",2136,2006,350000,850,75000,278000,0.119733924611973,42.2565056097561,-71.1216013170732,411,0.370597243491577
"412",2131,2019,540000,1909.5,151500,412000,0.11864406779661,42.2839937966102,-71.1291655728814,412,0.36906584992343
"413",2128,2002,265000,396,84000,220765.5,0.118131868131868,42.376707489011,-71.0307781565934,413,0.367534456355283
"414",2113,2001,340000,424,18500,239000,0.117647058823529,42.3652853529412,-71.0550491470588,414,0.366003062787136
"415",2115,2007,440000,1173,65000,260800,0.117263843648208,42.3466361172638,-71.0877293485342,415,0.364471669218989
"416",2131,2007,345000,1207,15000,270000,0.11716621253406,42.2837352506812,-71.129478,416,0.362940275650842
"417",2109,2004,5e+05,1000.5,93750,311200,0.117117117117117,42.3645801711712,-71.0525266666667,417,0.361408882082695
"418",2467,2007,804250,782,46000,282000,0.117021276595745,42.3298734787234,-71.1499667659574,418,0.359877488514548
"419",2118,2014,7e+05,2120.5,153500,4e+05,0.116740088105727,42.340105370044,-71.0743547709251,419,0.358346094946401
"420",2127,2014,485000,1960.5,102000,367350,0.11566265060241,42.3349246518072,-71.043809853012,420,0.356814701378254
"421",2215,2011,325000,1910,15450,1e+05,0.115646258503401,42.3465429183673,-71.0945289659864,421,0.355283307810107
"422",2130,2018,639500,2142,198500,450250,0.115537848605578,42.3127410338645,-71.1113025258964,422,0.35375191424196
"423",2114,2014,556000,2404,135500,205000,0.114942528735632,42.3614275229885,-71.0667426666667,423,0.352220520673813
"424",2127,2016,639500,1886.5,189000,439560,0.114832535885167,42.3351278911483,-71.0447030885167,424,0.350689127105666
"425",2127,2011,374000,1788,0,271200,0.114329268292683,42.3349953170732,-71.0430189039634,425,0.349157733537519
"426",2115,2002,345000,556,66000,244200,0.113496932515337,42.345422690184,-71.0891968680982,426,0.347626339969372
"427",2113,2009,452500,1658,39200,271360,0.112676056338028,42.365117112676,-71.0552292253521,427,0.346094946401225
"428",2113,2020,675000,2608,161500,414000,0.112676056338028,42.3654208873239,-71.0552704788732,428,0.344563552833078
"429",2131,2012,3e+05,2055,-13000,228600,0.112540192926045,42.2834975434084,-71.1294697427653,429,0.343032159264931
"430",2109,2000,365000,1,-306000,213600,0.112068965517241,42.3644562155172,-71.0523287844828,430,0.341500765696784
"431",2114,2006,440000,1134,74000,273560,0.112068965517241,42.3615590043103,-71.0668168491379,431,0.339969372128637
"432",2127,2017,688000,1779,210000,488000,0.111744583808438,42.3349893990878,-71.0433502976055,432,0.33843797856049
"433",2467,2009,542000,1267.5,10000,144750,0.111111111111111,42.3215002777778,-71.1421568333333,433,0.336906584992343
"434",2467,2021,637500,3652.5,204950,0,0.111111111111111,42.3104540555556,-71.1510120555556,434,0.335375191424196
"435",2118,2008,510000,1459.5,55000,350000,0.110481586402266,42.3398774844193,-71.0751917053824,435,0.333843797856049
"436",2108,2004,610000,1096.5,87500,261600,0.110091743119266,42.3573117614679,-71.0669397981651,436,0.332312404287902
"437",2109,2003,444875,1026,66000,295200,0.109756097560976,42.3648749390244,-71.052098597561,437,0.330781010719755
"438",2128,2005,339950,876,108950,252320,0.109717868338558,42.3753661865204,-71.0312888181818,438,0.329249617151608
"439",2135,2008,283000,1515,10750,195000,0.109660574412533,42.3450285770235,-71.1517982114883,439,0.327718223583461
"440",2132,2011,359900,2042,750,250000,0.108626198083067,42.2794947284345,-71.158747172524,440,0.326186830015314
"441",2215,2002,261500,621,50056.5,181150,0.108333333333333,42.3466468791667,-71.09521005,441,0.324655436447167
"442",2127,2012,408000,1876,23000,285000,0.107784431137725,42.3352798071856,-71.0443342071856,442,0.32312404287902
"443",2467,2008,395000,823,28500,133425,0.107142857142857,42.3153745357143,-71.1452286428571,443,0.321592649310873
"444",2128,2004,375000,785.5,1e+05,292500,0.106382978723404,42.3774375768322,-71.0298733262411,444,0.320061255742726
"445",2131,2018,520000,1818.5,173000,399200,0.105740181268882,42.2839903746224,-71.1287264652568,445,0.318529862174579
"446",2130,2012,372000,2101,15000,270000,0.10482180293501,42.3131900167715,-71.1108994612159,446,0.316998468606432
"447",2113,2000,249000,180.5,24750,174400,0.104761904761905,42.365536152381,-71.0547242571429,447,0.315467075038285
"448",2114,2009,401000,1798.5,34500,240000,0.104712041884817,42.3617142984293,-71.0670316806283,448,0.313935681470138
"449",2118,2006,487550,1326,82500,336000,0.104712041884817,42.3402159921466,-71.0748171753927,449,0.312404287901991
"450",2109,2020,760000,2132.5,182500,423000,0.104477611940299,42.3649013880597,-71.0521722835821,450,0.310872894333844
"451",2127,2015,560000,1791,139000,388900,0.104166666666667,42.335011057598,-71.0438928296569,451,0.309341500765697
"452",2116,2002,435200,602,67000,282000,0.103040540540541,42.3491810152027,-71.0767835675676,452,0.30781010719755
"453",2215,2004,299500,840.5,64350,2e+05,0.102739726027397,42.3462001541096,-71.0960081369863,453,0.306278713629403
"454",2210,2009,599000,1603.5,21500,328500,0.102564102564103,42.3500213846154,-71.0507193846154,454,0.304747320061256
"455",2125,2002,250000,378,94500,206500,0.102310231023102,42.3147253729373,-71.0625638019802,455,0.303215926493109
"456",2115,2005,444000,1055,85250,276000,0.100946372239748,42.3455780157729,-71.0889239810726,456,0.301684532924962
"457",2127,2009,335000,1486,0,270000,0.100931677018634,42.3352472158385,-71.0447132329192,457,0.300153139356815
"458",2136,2021,575000,2703,227500,506267.5,0.100694444444444,42.2556526944444,-71.1231521597222,458,0.298621745788668
"459",2134,2003,294000,830,64000,228400,0.1,42.3517511291667,-71.1332771208333,459,0.297090352220521
"460",2118,2020,1054000,2109.5,239500,657600,0.0991253644314869,42.3404553819242,-71.074397787172,460,0.295558958652374
"461",2114,2007,434150,1218,50000,259700,0.0990566037735849,42.3615983537736,-71.0669171933962,461,0.294027565084227
"462",2131,2013,338675,2325,31125,273312.5,0.0988372093023256,42.2833535494186,-71.1308641395349,462,0.29249617151608
"463",2135,2013,327500,2589,32000,170000,0.0985401459854015,42.345773439781,-71.1529300218978,463,0.290964777947933
"464",2122,2003,285000,560,74750,232000,0.0983050847457627,42.2968748881356,-71.0565418440678,464,0.289433384379786
"465",2135,2009,270500,1792,-2750,171375,0.0982142857142857,42.3456565982143,-71.1520987559524,465,0.287901990811639
"466",2210,2018,1145000,1411,285000,624000,0.0980392156862745,42.3499425882353,-71.0500991960784,466,0.286370597243492
"467",2127,2000,231000,66,40000,189300,0.0979284369114878,42.3328355894539,-71.044855920904,467,0.284839203675345
"468",2129,2014,580000,2352,116000,365750,0.0976253298153034,42.3772498416887,-71.0620122348285,468,0.283307810107198
"469",2134,2002,260000,442,50000,193500,0.0975609756097561,42.3518525317073,-71.1334390634146,469,0.28177641653905
"470",2115,2000,284500,92,60000,178000,0.096875,42.345140665625,-71.089634259375,470,0.280245022970903
"471",2210,2003,425000,999.5,67250,322700,0.0967741935483871,42.3490584193548,-71.050018483871,471,0.278713629402756
"472",2136,2019,455000,2252.5,154250,409500,0.0966542750929368,42.2554052862454,-71.1229292156134,472,0.27718223583461
"473",2128,2006,330000,672,63225.5,236125,0.0964912280701754,42.3764948070175,-71.0301462258772,473,0.275650842266463
"474",2118,2009,515000,1553,39000,357071,0.0964285714285714,42.3401587392857,-71.0748181107143,474,0.274119448698316
"475",2132,2015,450000,2596,91000,367500,0.0963855421686747,42.2792785614458,-71.1583780120482,475,0.272588055130168
"476",2126,2005,366500,775,124000,296350,0.0958333333333333,42.2758992625,-71.0915174458333,476,0.271056661562021
"477",2132,2010,390000,1985,6550,3e+05,0.0955223880597015,42.2799150835821,-71.1568854268657,477,0.269525267993874
"478",2130,2021,731000,2237.5,210000,512000,0.0953206239168111,42.311626389948,-71.1112194731369,478,0.267993874425727
"479",2467,2016,353500,3159,65500,164000,0.0952380952380952,42.3121203333333,-71.1499487142857,479,0.26646248085758
"480",2116,2000,465000,102,59000,240000,0.0948905109489051,42.3493950321168,-71.0766518,480,0.264931087289433
"481",2210,2000,326000,38,68000,225000,0.0947368421052632,42.3476531052632,-71.050113568421,481,0.263399693721286
"482",2124,2000,2e+05,128.5,65000,168000,0.0945378151260504,42.2882034243697,-71.0719524579832,482,0.261868300153139
"483",2130,2014,452000,2476,91000,306000,0.0943025540275049,42.3136026601179,-71.1101097485265,483,0.260336906584992
"484",2135,2007,275000,1239,20000,204875,0.09375,42.3456743143382,-71.1529615974265,484,0.258805513016845
"485",2110,2004,680000,1047.5,95000,330000,0.0934579439252336,42.3590288411215,-71.0512124579439,485,0.257274119448698
"486",2118,2010,566250,1582.5,31500,392100,0.0933333333333333,42.3402813533333,-71.0751480266667,486,0.255742725880551
"487",2135,2002,230000,525.5,54500,177300,0.0931458699472759,42.3449060702988,-71.1522493356766,487,0.254211332312404
"488",2130,2017,569250,2433.5,179500,396396,0.0929368029739777,42.3125498122677,-71.1101987360595,488,0.252679938744257
"489",2210,2004,549000,1311,1e+05,317600,0.0927835051546392,42.3462526804124,-71.0506369072165,489,0.25114854517611
"490",2114,2000,297000,117.5,39000,168000,0.0926640926640927,42.3612212046332,-71.0674275096525,490,0.249617151607963
"491",2122,2004,337500,760,85000,260000,0.0919220055710306,42.2977097715877,-71.0577426991644,491,0.248085758039816
"492",2130,2011,353500,1855.5,5000,236625,0.0918918918918919,42.3131851837838,-71.1106866945946,492,0.246554364471669
"493",2129,2011,450000,2127,2500,317250,0.0915254237288136,42.3773832949153,-71.0621384067797,493,0.245022970903522
"494",2114,2003,328000,885.5,62450,234600,0.0909090909090909,42.3617663309091,-71.0669263490909,494,0.243491577335375
"495",2114,2004,448750,838.5,68000,278200,0.0909090909090909,42.361981075,-71.0655441977273,495,0.241960183767228
"496",2116,2003,485500,832,69000,306600,0.0898305084745763,42.3494481542373,-71.0763233474576,496,0.240428790199081
"497",2132,2022,710000,2391,240000,544500,0.0896358543417367,42.2795565042017,-71.1576467871148,497,0.238897396630934
"498",2132,2017,540000,2050,150000,401850,0.0892448512585812,42.2783326727689,-71.157750187643,498,0.237366003062787
"499",2125,2005,337000,861,84000,263600,0.0892116182572614,42.3149984087137,-71.0626430788382,499,0.23583460949464
"500",2111,2001,665000,108,18000,264000,0.089041095890411,42.3534636575342,-71.0622497945206,500,0.234303215926493
"501",2113,2005,387500,1136.5,94250,287200,0.0888888888888889,42.3652024,-71.0551456296296,501,0.232771822358346
"502",2114,2020,690000,2252,199000,399200,0.0888888888888889,42.3614668148148,-71.0667592222222,502,0.231240428790199
"503",2115,2004,390000,1007,89000,252900,0.0888888888888889,42.3458575972222,-71.0889065055556,503,0.229709035222052
"504",2115,2003,367500,780,63750,250000,0.0886524822695035,42.3462011134752,-71.0893175141844,504,0.228177641653905
"505",2125,2003,319000,686,96200,241300,0.0885245901639344,42.3155827836066,-71.0612828622951,505,0.226646248085758
"506",2122,2005,350000,861,85050,264800,0.0884353741496599,42.2969746848073,-71.057127569161,506,0.225114854517611
"507",2119,2001,185000,162,99450,152150,0.0883977900552486,42.3231494033149,-71.0853021436464,507,0.223583460949464
"508",2109,2001,422000,485,46000,272225,0.0882352941176471,42.3641335735294,-71.0524812352941,508,0.222052067381317
"509",2129,2016,650000,1954,176500,438300,0.0878859857482185,42.3778425961995,-71.063182736342,509,0.22052067381317
"510",2126,2002,230000,190.5,80600,209500,0.0872093023255814,42.2760377151163,-71.0916608488372,510,0.218989280245023
"511",2132,2014,430000,2429,70000,348950,0.0872093023255814,42.2808303139535,-71.1575992238372,511,0.217457886676876
"512",2118,2004,449000,851.5,90000,319600,0.087037037037037,42.3400958833333,-71.075318037037,512,0.215926493108729
"513",2131,2022,670000,2182,182000,513000,0.086687306501548,42.2836916346749,-71.1297930712074,513,0.214395099540582
"514",2129,2022,907500,2198,237500,660000,0.0866141732283465,42.3774385170604,-71.0620567427821,514,0.212863705972435
"515",2215,2009,325000,1590.5,32600,165000,0.0854700854700855,42.3464769059829,-71.0967211538461,515,0.211332312404288
"516",2130,2010,349500,1752,7000,263250,0.0853658536585366,42.3142076361789,-71.1103020020325,516,0.209800918836141
"517",2136,2000,198500,68.5,20300,167500,0.0847457627118644,42.2571586977401,-71.1223099180791,517,0.208269525267994
"518",2129,2018,789000,1855.5,236250,539000,0.0845481049562682,42.3775784314869,-71.0629821282799,518,0.206738131699847
"519",2130,2016,560000,2451.5,150000,385950,0.0844594594594595,42.312588097973,-71.1111692601351,519,0.2052067381317
"520",2215,2003,265000,751,43250,187500,0.0844444444444444,42.3460395955556,-71.0952561377778,520,0.203675344563553
"521",2131,2021,640000,2269.5,248000,489250,0.0843091334894614,42.2836053091335,-71.1300044543325,521,0.202143950995406
"522",2127,2006,350000,1054,46191.5,263000,0.0837696335078534,42.3343893089005,-71.0441234528796,522,0.200612557427259
"523",2132,2012,365000,2160,8000,264762.5,0.083756345177665,42.2798953248731,-71.1576532690355,523,0.199081163859112
"524",2118,2007,505500,1344,70000,359000,0.0835579514824798,42.3402917088949,-71.0751073692722,524,0.197549770290965
"525",2127,2001,245000,295,49000,190000,0.0831643002028398,42.334578020284,-71.0441904036511,525,0.196018376722818
"526",2127,2004,339000,910,79000,258200,0.0829326923076923,42.3343365757212,-71.0443783221154,526,0.194486983154671
"527",2124,2004,377636,735,117000,293800,0.0824561403508772,42.2874480280702,-71.0711909421053,527,0.192955589586524
"528",2110,2003,595000,926,15000,311200,0.0821917808219178,42.3585843013699,-71.0515713561644,528,0.191424196018377
"529",2129,2010,446000,1750,6500,332025,0.0817610062893082,42.3773046949686,-71.0619181006289,529,0.18989280245023
"530",2113,2004,333000,994,77000,235000,0.0813008130081301,42.3653817479675,-71.0546735691057,530,0.188361408882083
"531",2118,2001,363100,368,60000,261600,0.0808314087759815,42.340394630485,-71.0746577251732,531,0.186830015313936
"532",2126,2004,332250,703.5,114700,268000,0.0805084745762712,42.2756912627119,-71.0904928813559,532,0.185298621745789
"533",2125,2004,323000,661,83000,240000,0.0802005012531328,42.3150006491228,-71.062014368421,533,0.183767228177642
"534",2132,2018,560000,1927,169500,450000,0.0793650793650794,42.2779061746032,-71.1581828730159,534,0.182235834609495
"535",2113,2003,329000,870,56000,253500,0.0789473684210526,42.3655385789474,-71.0553081052632,535,0.180704441041348
"536",2132,2008,350500,1626.5,22827,283005.5,0.078125,42.278158171875,-71.1576550125,536,0.179173047473201
"537",2131,2020,535000,1932,155000,435000,0.0778097982708934,42.2839427089337,-71.1284060518732,537,0.177641653905054
"538",2127,2007,369500,1167,27500,290000,0.0777385159010601,42.3354962096584,-71.045644606596,538,0.176110260336907
"539",2130,2009,338900,1589,8000,250000,0.0777310924369748,42.3135891785714,-71.110943012605,539,0.17457886676876
"540",2125,2000,170500,140,70000,136950,0.077639751552795,42.3152979161491,-71.0628315124224,540,0.173047473200613
"541",2131,2016,429950,2710,114000,340000,0.0775401069518717,42.2838114812834,-71.1292304278075,541,0.171516079632466
"542",2115,2001,335000,369,81000,232800,0.0769230769230769,42.3456747873303,-71.0888038099548,542,0.169984686064318
"543",2127,2013,445000,2107,79000,333800,0.0767386091127098,42.3348500095923,-71.0446411223022,543,0.168453292496171
"544",2118,2005,491500,974,107500,320000,0.0765661252900232,42.340290774942,-71.0750302343387,544,0.166921898928024
"545",2132,2006,390000,1235,56500,288000,0.0765432098765432,42.279608691358,-71.1577612567901,545,0.165390505359878
"546",2122,2002,267500,588,82000,215650,0.0761245674740484,42.2960600103806,-71.056442266436,546,0.163859111791731
"547",2124,2003,340000,677,129000,274125,0.0759803921568627,42.2874209068627,-71.0699880833333,547,0.162327718223583
"548",2118,2002,389500,634,79500,276625,0.0758196721311475,42.3402410655738,-71.0751036393443,548,0.160796324655436
"549",2135,2000,158000,84,33500,115550,0.0757575757575758,42.3449908651515,-71.1508622515152,549,0.159264931087289
"550",2132,2016,484500,2233.5,120000,387800,0.0756880733944954,42.2782779541284,-71.156437837156,550,0.157733537519142
"551",2215,2001,230000,367,49500,149600,0.0756756756756757,42.345987745946,-71.0954427081081,551,0.156202143950995
"552",2129,2015,629500,2094,148000,417000,0.0754716981132075,42.3773068561321,-71.0622597004717,552,0.154670750382848
"553",2135,2006,310000,1150,38000,225000,0.0743801652892562,42.3459119421488,-71.1527901421488,553,0.153139356814701
"554",2132,2009,354000,1796,10793.5,278700,0.0742857142857143,42.2782553114286,-71.1570498971429,554,0.151607963246554
"555",2129,2012,469550,2135,15300,307500,0.0741626794258373,42.3776894186603,-71.0623538995215,555,0.150076569678407
"556",2129,2020,859500,1880,192500,584125,0.0740740740740741,42.3774491746032,-71.0626013333333,556,0.14854517611026
"557",2132,2019,579000,2318.5,160000,420000,0.0739644970414201,42.2793945680473,-71.1573234940828,557,0.147013782542113
"558",2135,2001,195000,345,38500,146560,0.0735294117647059,42.3445847573529,-71.1506427591912,558,0.145482388973966
"559",2121,2005,449500,707,115000,338000,0.073394495412844,42.3072832752294,-71.0803706605505,559,0.143950995405819
"560",2135,2005,299525,946,55000,217200,0.0727513227513227,42.3458922473545,-71.1522270793651,560,0.142419601837672
"561",2135,2004,279500,983,67000,199000,0.0726846424384525,42.3451221101993,-71.1512535287222,561,0.140888208269525
"562",2130,2015,494750,2607.5,121000,338800,0.0725126475548061,42.3128868532884,-71.1108601821248,562,0.139356814701378
"563",2129,2017,713750,1913.5,226750,495525,0.0721649484536082,42.3774746752577,-71.0628684819588,563,0.137825421133231
"564",2124,2001,240000,266.5,81500,206502.5,0.0714285714285714,42.2874208870968,-71.0709403156682,564,0.136294027565084
"565",2131,2015,406000,2590.5,75000,315675,0.0714285714285714,42.2841457301587,-71.1286892169312,565,0.134762633996937
"566",2129,2021,875000,2099,205000,6e+05,0.0706860706860707,42.3772408378378,-71.0624746382536,566,0.13323124042879
"567",2129,2008,425000,1452,18250,314300,0.0706214689265537,42.3773075988701,-71.0625936440678,567,0.131699846860643
"568",2129,2007,448950,1120,35000,323450,0.0704845814977974,42.377209777533,-71.0612880550661,568,0.130168453292496
"569",2126,2003,3e+05,403,97500,260000,0.0703517587939698,42.2761047386935,-71.0902527839196,569,0.128637059724349
"570",2132,2007,393738.5,1480,38000,292000,0.0700934579439252,42.2800539065421,-71.1568693411215,570,0.127105666156202
"571",2136,2005,359000,889,108750,287200,0.0696798493408663,42.2563682787194,-71.1219116421846,571,0.125574272588055
"572",2114,2002,339250,583,60000,240500,0.0688405797101449,42.3613654927536,-71.0673246304348,572,0.124042879019908
"573",2111,2002,541000,414,50000,300700,0.0685714285714286,42.3535769028571,-71.0618378971429,573,0.122511485451761
"574",2131,2017,479000,2300,140000,377625,0.0683760683760684,42.2838374444444,-71.1290541481481,574,0.120980091883614
"575",2130,2020,685000,2120,190100,486800,0.0672451193058568,42.3116426160521,-71.111322802603,575,0.119448698315467
"576",2210,2001,360000,256,87500,259200,0.0666666666666667,42.3479490888889,-71.0501768666667,576,0.11791730474732
"577",2467,2012,675000,1922.5,-15576.5,0,0.0666666666666667,42.320024,-71.1444094666667,577,0.116385911179173
"578",2124,2002,3e+05,406.5,106000,250000,0.0665083135391924,42.2872347553444,-71.0709402066508,578,0.114854517611026
"579",2215,2000,159900,60,26500,108000,0.0657276995305164,42.3453803755869,-71.0960022910798,579,0.113323124042879
"580",2130,2008,340000,1464,4950,255337.5,0.0651260504201681,42.3128468634454,-71.1112505567227,580,0.111791730474732
"581",2124,2005,4e+05,895,103500,305000,0.0650406504065041,42.2874269886179,-71.0716427902439,581,0.110260336906585
"582",2127,2002,280000,571,52500,222200,0.0649122807017544,42.3339722526316,-71.0438514315789,582,0.108728943338438
"583",2129,2019,760000,1913,205000,540000,0.0646900269541779,42.3773469730458,-71.0619373827493,583,0.107197549770291
"584",2129,2013,520000,2306,73500,360000,0.0634249471458774,42.3771949598309,-71.0624652980973,584,0.105666156202144
"585",2129,2005,456450,1081,95000,312295,0.0633561643835616,42.3767244708904,-71.0603368013699,585,0.104134762633997
"586",2127,2005,350000,997,81900,264000,0.0616966580976864,42.3345915938303,-71.0439778187661,586,0.10260336906585
"587",2129,2000,334625,63,20000,240000,0.0615384615384615,42.3773773,-71.0625540564102,587,0.101071975497703
"588",2135,2003,255000,824.5,64000,195337.5,0.0615141955835962,42.3446952933754,-71.1510375867508,588,0.099540581929556
"589",2122,2000,183000,115,49000,141300,0.0613718411552347,42.2967033068592,-71.0570400794224,589,0.0980091883614089
"590",2131,2006,330000,965.5,80500,256000,0.0613636363636364,42.2833595977273,-71.1282156545455,590,0.0964777947932619
"591",2467,2006,535000,1273.5,38550,189600,0.0606060606060606,42.3176058484848,-71.1477247878788,591,0.0949464012251149
"592",2129,2009,422000,1574,10750,311250,0.0604229607250755,42.3774156072508,-71.0622032930514,592,0.0934150076569679
"593",2132,2013,380000,2358,25000,305000,0.0603248259860789,42.278564737819,-71.1574015939675,593,0.0918836140888208
"594",2125,2001,2e+05,326,92500,168875,0.0602836879432624,42.314955641844,-71.0629975567376,594,0.0903522205206738
"595",2136,2004,340000,819,104000,284450,0.0599173553719008,42.2566073119835,-71.1220122231405,595,0.0888208269525268
"596",2129,2006,439500,1154.5,51500,312000,0.0595854922279793,42.3768552202073,-71.0609906683938,596,0.0872894333843798
"597",2113,2002,320750,579,57000,233600,0.0595238095238095,42.3654695833333,-71.0550025595238,597,0.0857580398162328
"598",2467,2011,525000,1512,-56000,194000,0.0588235294117647,42.3192599411765,-71.1500935294118,598,0.0842266462480857
"599",2467,2019,671000,3717,164000,232500,0.0588235294117647,42.3152200588235,-71.1458065294118,599,0.0826952526799387
"600",2114,2001,322500,354.5,44500,220000,0.0577777777777778,42.3611025022222,-71.0673855111111,600,0.0811638591117917
"601",2132,2021,683500,2351,234200,494300,0.0573394495412844,42.2786264380734,-71.1566283509174,601,0.0796324655436447
"602",2126,2001,199000,342.5,54500,180500,0.0571428571428571,42.2758548685714,-71.0913325942857,602,0.0781010719754976
"603",2130,2013,410250,2257,42000,288000,0.0567765567765568,42.3132563498168,-71.1108281318681,603,0.0765696784073507
"604",2118,2000,321000,129.5,72600,230000,0.056672760511883,42.3400191151737,-71.0754693345521,604,0.0750382848392037
"605",2132,2020,650000,2262.5,204000,464000,0.056657223796034,42.2796668073654,-71.1574708016997,605,0.0735068912710567
"606",2130,2007,349000,1252.5,29050,260200,0.0560606060606061,42.3144593893939,-71.1097543454545,606,0.0719754977029097
"607",2114,2005,447500,994,91000,280125,0.055921052631579,42.3611925,-71.066572625,607,0.0704441041347627
"608",2127,2003,313250,791,70500,250000,0.0547008547008547,42.3341619948718,-71.0433349897436,608,0.0689127105666156
"609",2131,2014,358750,2707,45900,303375,0.0545977011494253,42.2833746293103,-71.1296106149425,609,0.0673813169984686
"610",2136,2003,299100,556,78000,256500,0.0545977011494253,42.2563347931034,-71.1228794396552,610,0.0658499234303216
"611",2130,2006,340000,1192.5,52950,251750,0.0535433070866142,42.3128770787402,-71.1101523779528,611,0.0643185298621746
"612",2129,2001,386000,271,62500,250000,0.0526315789473684,42.3765345956938,-71.0614431507177,612,0.0627871362940275
"613",2210,2002,417260,542,39496,290000,0.0526315789473684,42.3482021578947,-71.0486409473684,613,0.0612557427258805
"614",2130,2002,3e+05,638,61000,227125,0.0511811023622047,42.3130096614173,-71.1114353464567,614,0.0597243491577335
"615",2131,2005,348500,1108,93500,268000,0.0494845360824742,42.2837361360825,-71.1278434659794,615,0.0581929555895865
"616",2130,2019,640000,2030,194904,445000,0.0491803278688525,42.3117645128806,-71.1111465222482,616,0.0566615620214395
"617",2136,2002,268250,383,81500,230000,0.0491803278688525,42.2571593934426,-71.1226391885246,617,0.0551301684532925
"618",2118,2003,395000,821.5,61000,3e+05,0.0477031802120141,42.3401187667844,-71.0749434187279,618,0.0535987748851455
"619",2467,2002,169000,763,75000,140400,0.0476190476190476,42.3018543809524,-71.1394032380952,619,0.0520673813169985
"620",2467,2017,560000,2445,93750,224100,0.0476190476190476,42.3077175714286,-71.1430335714286,620,0.0505359877488515
"621",2136,2001,237250,214,45950,200920,0.0462962962962963,42.2564807808642,-71.1238269845679,621,0.0490045941807045
"622",2131,2000,215000,31,3000,182500,0.0446428571428571,42.2834241041667,-71.1270605625,622,0.0474732006125574
"623",2129,2004,418000,847,78000,3e+05,0.0445151033386327,42.3768122114467,-71.0607809141494,623,0.0459418070444104
"624",2467,2014,529000,2693,5000,179450,0.0434782608695652,42.3175250869565,-71.1424973913043,624,0.0444104134762634
"625",2132,2000,250000,171.5,35344,193000,0.0428571428571429,42.2788551285714,-71.1568728380952,625,0.0428790199081164
"626",2130,2000,229000,57,44500,160050,0.0425531914893617,42.3129929639935,-71.1113908412439,626,0.0413476263399694
"627",2132,2004,389500,923,90500,280000,0.0424242424242424,42.2797032585859,-71.1563105050505,627,0.0398162327718223
"628",2467,2000,130950,56,24000,112150,0.0416666666666667,42.3028590833333,-71.1388271666667,628,0.0382848392036753
"629",2132,2001,279000,276,22550,217225,0.0406698564593301,42.2786826411483,-71.1568030502392,629,0.0367534456355283
"630",2132,2003,350000,732,79950,270000,0.0395061728395062,42.2788817654321,-71.1578944518518,630,0.0352220520673813
"631",2132,2005,417500,1102.5,107000,309000,0.0391304347826087,42.2800122956522,-71.1573947804348,631,0.0336906584992342
"632",2131,2001,235250,230,43692.5,190600,0.0388888888888889,42.2832645805556,-71.1275601583333,632,0.0321592649310873
"633",2130,2005,339523.5,1074,75250,250200,0.0383631713554987,42.3130331227621,-71.110394387468,633,0.0306278713629403
"634",2130,2001,267700,253,32650,193950,0.0383141762452107,42.3123557490421,-71.1120019885058,634,0.0290964777947933
"635",2467,2004,287500,588,57000,230000,0.0357142857142857,42.3027187857143,-71.141489,635,0.0275650842266463
"636",2129,2002,399000,592,59000,283500,0.03470715835141,42.3770400694143,-71.0621497787419,636,0.0260336906584993
"637",2131,2002,283000,403,74000,230050,0.0341880341880342,42.2833606267806,-71.1286913219373,637,0.0245022970903522
"638",2122,2001,186250,260,67000,157950,0.0340909090909091,42.2959941363636,-71.0568420833333,638,0.0229709035222052
"639",2131,2004,346860,841,86000,268000,0.0337972166998012,42.2833357157058,-71.1287018270378,639,0.0214395099540582
"640",2132,2002,333000,439,70000,252000,0.0267260579064588,42.2795963407572,-71.1576564164811,640,0.0199081163859112
"641",2130,2003,324000,845.5,82000,239200,0.0263620386643234,42.3117661739895,-71.1116450650264,641,0.0183767228177641
"642",2130,2004,345500,1020,90500,250000,0.0260869565217391,42.3130730362319,-71.1108860275362,642,0.0168453292496171
"643",2131,2003,315000,867,72500,258000,0.0230179028132992,42.2831340025575,-71.1278609846547,643,0.0153139356814701
"644",2129,2003,4e+05,744,64250,285000,0.0180878552971576,42.377216248062,-71.0626378940568,644,0.0137825421133231
"645",2467,2001,162750,252.5,29000,128800,0,42.3021242857143,-71.1367652857143,645,0.0122511485451761
"646",2467,2003,216000,883,72000,174400,0,42.3019597419355,-71.1398844193548,646,0.0107197549770292
"647",2467,2005,235000,816,49500,188000,0,42.3020654,-71.14040692,647,0.00918836140888213
"648",2467,2010,596250,1202,3500,131812.5,0,42.3201584444444,-71.1463938888889,648,0.00765696784073511
"649",2467,2013,850250,2151.5,11750,0,0,42.32852665,-71.15228005,649,0.00612557427258809
"650",2467,2015,404248,1920,49500,269750,0,42.3154258181818,-71.1480895,650,0.00459418070444106
"651",2467,2018,360000,1960,112000,232500,0,42.3080684117647,-71.1428992352941,651,0.00306278713629404
"652",2467,2020,8e+05,3699,168556,0,0,42.3156775454545,-71.144694,652,0.00153139356814702
"653",2467,2022,475000,2818,143500,215000,0,42.3106029047619,-71.1516567619048,653,0
"653",2467,2026,475000,2818,143500,215000,0,42.3106029047619,-71.1516567619048,653,0
"653",2467,2186,475000,2818,143500,215000,0,42.3106029047619,-71.1516567619048,653,0
